,zip,category
0,90001.0,1.6294416243654823
1,90002.0,1.6199095022624435
2,90003.0,1.5646757053865885
3,90004.0,2.1197411003236244
4,90005.0,1.9514195583596214
5,90006.0,1.6488483268144285
6,90007.0,1.6759112519809827
7,90008.0,2.262632978723404
8,90010.0,2.8518518518518516
9,90011.0,1.551238591916558
10,90012.0,2.3508030431107354
11,90013.0,2.668918918918919
12,90014.0,2.681948424068768
13,90015.0,2.315606936416185
14,90016.0,2.050915587315766
15,90017.0,2.199165797705944
16,90018.0,1.8749433620299047
17,90019.0,2.210670314637483
18,90020.0,2.013835085777532
19,90021.0,2.5217391304347827
20,90022.0,1.7795815295815296
21,90023.0,1.6932380428807037
22,90024.0,3.34699272967614
23,90025.0,3.1915723761217323
24,90026.0,2.2453484705140334
25,90027.0,2.596121416526138
26,90028.0,2.0844793713163066
27,90029.0,1.8888888888888888
28,90031.0,1.8843373493975903
29,90032.0,2.077116935483871
30,90033.0,1.6879910213243547
31,90034.0,2.6567989590110606
32,90035.0,2.9842744817726947
33,90036.0,3.0170630816959667
34,90037.0,1.5735772357723576
35,90038.0,1.981968444778362
36,90039.0,2.7757009345794392
37,90040.0,1.9964476021314388
38,90041.0,2.727342549923195
39,90042.0,2.2898286547575646
40,90043.0,2.2212264150943395
41,90044.0,1.6601413811854269
42,90045.0,3.2570043103448274
43,90046.0,2.8410938654841096
44,90047.0,2.0294365012615643
45,90048.0,3.2063492063492065
46,90049.0,3.8109289617486337
47,90056.0,3.0807860262008733
48,90057.0,1.6473616473616473
49,90058.0,1.7972972972972974
50,90059.0,1.686512758201701
51,90061.0,1.7054329371816639
52,90062.0,1.7864547339322736
53,90063.0,1.7909048288795124
54,90064.0,3.3963414634146343
55,90065.0,2.429971988795518
56,90066.0,2.9564138908575477
57,90067.0,4.247023809523809
58,90068.0,3.122852233676976
59,90069.0,3.2654275092936804
60,90077.0,4.042394014962594
61,90094.0,3.9029535864978904
62,90201.0,1.7265066394279878
63,90210.0,3.9114857744994733
64,90211.0,3.3097014925373136
65,90212.0,3.411290322580645
66,90220.0,1.8615806304248514
67,90221.0,1.7652134423251589
68,90222.0,1.7879256965944272
69,90230.0,2.9881546134663344
70,90232.0,3.032258064516129
71,90240.0,2.5857497928748963
72,90241.0,2.3410516160154367
73,90242.0,2.241255144032922
74,90245.0,3.368310598111228
75,90247.0,2.122936576889661
76,90248.0,2.423698384201077
77,90249.0,2.2759134973900075
78,90250.0,2.168036529680365
79,90254.0,3.726235741444867
80,90255.0,1.7396411092985318
81,90260.0,2.1487179487179486
82,90262.0,1.825357142857143
83,90265.0,3.5135135135135136
84,90266.0,3.967570754716981
85,90270.0,1.744916820702403
86,90272.0,3.990503323836657
87,90274.0,3.984375
88,90275.0,3.749871067560598
89,90277.0,3.4844818516570224
90,90278.0,3.4283589489340605
91,90280.0,1.899901864573111
92,90290.0,3.2525252525252526
93,90291.0,3.1472045293701343
94,90292.0,3.62979683972912
95,90293.0,3.4574616457461644
96,90301.0,1.8771719592570402
97,90302.0,2.036101083032491
98,90303.0,1.9175965665236052
99,90304.0,1.7869565217391303
100,90305.0,2.545568039950062
101,90401.0,3.1755555555555555
102,90402.0,3.9501845018450186
103,90403.0,3.4571428571428573
104,90404.0,2.851363236587511
105,90405.0,3.319344262295082
106,90501.0,2.533169533169533
107,90502.0,2.5531674208144794
108,90503.0,3.171764705882353
109,90504.0,2.7299226650803092
110,90505.0,3.2079596412556053
111,90601.0,2.6305483028720626
112,90602.0,2.304147465437788
113,90603.0,2.9908350305498983
114,90604.0,2.488512035010941
115,90605.0,2.3776939655172415
116,90606.0,2.245956873315364
117,90620.0,2.560680698611733
118,90621.0,2.2231100184388444
119,90623.0,2.882506527415144
120,90630.0,2.905501889962201
121,90631.0,2.5496352679987315
122,90638.0,2.742895805142084
123,90640.0,2.18363136176066
124,90650.0,2.205913635396724
125,90660.0,2.1559821734658895
126,90670.0,2.414004914004914
127,90680.0,2.089401586157174
128,90701.0,2.217965653896962
129,90703.0,3.013469387755102
130,90706.0,2.1954022988505746
131,90710.0,2.388059701492537
132,90712.0,2.8919262555626193
133,90713.0,3.0212464589235126
134,90715.0,2.3777089783281733
135,90716.0,1.8056951423785594
136,90717.0,2.5919540229885056
137,90720.0,3.2516010978957
138,90723.0,1.8977796397151236
139,90731.0,2.401373521556658
140,90732.0,3.1934552454282965
141,90740.0,3.037037037037037
142,90744.0,1.95151789759855
143,90745.0,2.342397137745975
144,90746.0,2.591240875912409
145,90755.0,2.763793103448276
146,90802.0,2.4277138569284644
147,90803.0,3.30515117581187
148,90804.0,2.110800223838836
149,90805.0,1.9705954422935554
150,90806.0,2.014061654948621
151,90807.0,2.8677281077770975
152,90808.0,3.236047107014849
153,90810.0,2.078838174273859
154,90813.0,1.6866913123844731
155,90814.0,2.8263473053892216
156,90815.0,3.1325995807127884
157,91001.0,3.021288837744534
158,91006.0,3.0144727773949
159,91007.0,2.875
160,91008.0,3.4705882352941178
161,91010.0,2.42691990090834
162,91011.0,3.869927159209157
163,91016.0,2.6939834024896268
164,91020.0,2.7205479452054795
165,91024.0,3.3533697632058286
166,91030.0,3.27027027027027
167,91040.0,2.7191919191919194
168,91042.0,2.5162337662337664
169,91101.0,2.917269906928645
170,91103.0,2.4214046822742477
171,91104.0,2.733212341197822
172,91105.0,3.793363499245852
173,91106.0,2.9530315969257046
174,91107.0,3.085506367495452
175,91108.0,3.7693548387096776
176,91201.0,2.412807881773399
177,91202.0,2.766698024459078
178,91203.0,2.397506925207756
179,91204.0,2.084985835694051
180,91205.0,2.088709677419355
181,91206.0,2.6567460317460316
182,91207.0,3.2229038854805725
183,91208.0,3.3496143958868894
184,91210.0,3.8333333333333335
185,91214.0,3.146170063246662
186,91301.0,3.3511572226656026
187,91302.0,3.570124481327801
188,91303.0,2.042604501607717
189,91304.0,2.4474370112945265
190,91306.0,2.2651831247102456
191,91307.0,3.1224662162162162
192,91311.0,2.849676724137931
193,91316.0,2.9749821300929233
194,91320.0,3.2285714285714286
195,91321.0,2.4547206165703277
196,91324.0,2.5324283559577676
197,91325.0,2.5258785942492015
198,91326.0,3.2683649289099526
199,91331.0,1.8820173436786856
200,91335.0,2.1438953488372094
201,91340.0,1.976063829787234
202,91342.0,2.2548877624909487
203,91343.0,2.228428351309707
204,91344.0,2.7838270616493195
205,91345.0,2.276243093922652
206,91350.0,3.1818181818181817
207,91351.0,2.5330423940149625
208,91352.0,2.025787965616046
209,91354.0,3.4432918395574
210,91355.0,3.2034659820282414
211,91356.0,2.9235087719298245
212,91360.0,3.0102840352595495
213,91361.0,3.556949806949807
214,91362.0,3.3192567567567566
215,91364.0,3.268857356235997
216,91367.0,3.0777351247600766
217,91377.0,3.5066864784546805
218,91381.0,3.433874709976798
219,91384.0,3.0104761904761905
220,91387.0,2.7966274910577416
221,91390.0,3.2633979475484605
222,91401.0,2.347682119205298
223,91402.0,1.8458868448455397
224,91403.0,3.1799709724238028
225,91405.0,1.9202081526452732
226,91406.0,2.2157590759075907
227,91411.0,2.2751173708920187
228,91423.0,3.0634458672875438
229,91436.0,4.002197802197802
230,91501.0,2.7451971688574317
231,91502.0,2.2875226039783003
232,91504.0,2.8124501197126897
233,91505.0,2.9403614457831324
234,91506.0,2.9047141424272818
235,91601.0,2.218144750254842
236,91602.0,2.8781138790035588
237,91604.0,3.263653483992467
238,91605.0,1.9161920260374288
239,91606.0,2.0186457311089305
240,91607.0,2.648666232921275
241,91701.0,2.875667022411953
242,91702.0,2.1872897196261682
243,91706.0,1.9271231266529534
244,91708.0,2.9509345794392523
245,91709.0,2.9899425287356323
246,91710.0,2.484180790960452
247,91711.0,3.1653048397234445
248,91722.0,2.3554913294797686
249,91723.0,2.375964718853363
250,91724.0,2.6687747035573124
251,91730.0,2.474747474747475
252,91731.0,1.8129194630872483
253,91732.0,1.8452194357366771
254,91733.0,1.788716814159292
255,91737.0,3.031111111111111
256,91739.0,3.103362391033624
257,91740.0,2.625300240192154
258,91741.0,3.146103896103896
259,91744.0,1.960372340425532
260,91745.0,2.5338229609586396
261,91746.0,2.022594752186589
262,91748.0,2.286047596826878
263,91750.0,2.933579335793358
264,91752.0,2.4298365122615806
265,91754.0,2.3197239792984474
266,91755.0,2.0746164574616457
267,91761.0,2.295336787564767
268,91762.0,2.1000378931413413
269,91763.0,2.05410225921522
270,91764.0,2.0379637618636757
271,91765.0,2.866332116788321
272,91766.0,2.0228279386712096
273,91767.0,2.1029135338345863
274,91768.0,1.9751693002257336
275,91770.0,1.9736202707393267
276,91773.0,2.886541943270972
277,91775.0,2.8483197093551316
278,91776.0,1.9958202716823406
279,91780.0,2.535456730769231
280,91784.0,3.3031007751937986
281,91786.0,2.3285714285714287
282,91789.0,2.8444661140906873
283,91790.0,2.362085308056872
284,91791.0,2.6302414231257942
285,91792.0,2.3473309608540927
286,91801.0,2.294254658385093
287,91803.0,2.291866028708134
288,91901.0,3.0804289544235925
289,91902.0,3.0232558139534884
290,91905.0,2.3076923076923075
291,91906.0,2.3197278911564627
292,91910.0,2.3534871386900025
293,91911.0,2.133725202057311
294,91913.0,2.9672209026128264
295,91914.0,3.325
296,91915.0,3.073868149324861
297,91916.0,2.9101123595505616
298,91917.0,2.0217391304347827
299,91932.0,2.1266339869281046
300,91934.0,2.08
301,91935.0,3.0185614849187936
302,91941.0,2.919211195928753
303,91942.0,2.599391480730223
304,91945.0,2.281499202551834
305,91950.0,1.9290030211480362
306,91962.0,3.0555555555555554
307,91963.0,1.8571428571428572
308,91977.0,2.3229656419529836
309,91978.0,2.526086956521739
310,91980.0,1.6185567010309279
311,92003.0,2.827205882352941
312,92004.0,2.2661870503597124
313,92007.0,3.3025641025641024
314,92008.0,2.9796205200281096
315,92009.0,3.576171875
316,92010.0,3.284967320261438
317,92011.0,3.4704830053667264
318,92014.0,3.8284923928077457
319,92019.0,2.759697732997481
320,92020.0,2.319984295249313
321,92021.0,2.301
322,92024.0,3.268769968051118
323,92025.0,2.3341165413533833
324,92026.0,2.614049936521371
325,92027.0,2.354578459056071
326,92028.0,2.655011655011655
327,92029.0,3.095596133190118
328,92036.0,2.4906832298136647
329,92037.0,3.6610076670317633
330,92040.0,2.6763833992094863
331,92054.0,2.3698924731182798
332,92056.0,2.682563906905761
333,92057.0,2.5827715355805245
334,92058.0,2.199273167777105
335,92059.0,3.282608695652174
336,92061.0,2.671232876712329
337,92064.0,3.1960871498443755
338,92065.0,2.8880994671403197
339,92066.0,2.5
340,92069.0,2.528941176470588
341,92070.0,2.2363636363636363
342,92071.0,2.7896764252696458
343,92075.0,3.4760479041916166
344,92078.0,3.0247212796897722
345,92081.0,2.78765613519471
346,92082.0,2.8474945533769063
347,92083.0,2.1145952109464083
348,92084.0,2.3889396709323583
349,92086.0,2.2222222222222223
350,92091.0,3.7049180327868854
351,92101.0,3.059483178937104
352,92102.0,2.021276595744681
353,92103.0,3.0260552371026574
354,92104.0,2.5064724919093853
355,92105.0,1.8082474226804124
356,92106.0,3.2762605042016806
357,92107.0,2.8566688785666887
358,92108.0,2.84688995215311
359,92109.0,2.823692551505547
360,92110.0,2.709063214013709
361,92111.0,2.473064735174287
362,92113.0,1.6735849056603773
363,92114.0,2.146984126984127
364,92115.0,2.237485448195576
365,92116.0,2.693015701136979
366,92117.0,2.729119638826185
367,92118.0,3.429299363057325
368,92119.0,3.018596787827557
369,92120.0,3.074438202247191
370,92121.0,3.4898785425101213
371,92122.0,3.1482075976457997
372,92123.0,2.735576923076923
373,92124.0,3.065250379362671
374,92126.0,2.75715859030837
375,92127.0,3.760926803580832
376,92128.0,3.3663865546218488
377,92129.0,3.342857142857143
378,92130.0,3.8613077884214912
379,92131.0,3.7703612982241275
380,92139.0,2.2973130841121496
381,92154.0,2.142277393172595
382,92173.0,1.7214795008912656
383,92201.0,1.9889705882352942
384,92203.0,2.8036154478225144
385,92210.0,3.6555555555555554
386,92211.0,2.9323308270676693
387,92220.0,2.222953216374269
388,92223.0,2.732008830022075
389,92225.0,2.1277777777777778
390,92227.0,2.156555772994129
391,92230.0,1.75
392,92231.0,1.6135091926458833
393,92233.0,2.0142857142857142
394,92234.0,2.0496289424860854
395,92236.0,1.7065592635212887
396,92240.0,1.7950987066031314
397,92241.0,1.8694029850746268
398,92242.0,1.8285714285714285
399,92243.0,2.0618393234672303
400,92249.0,2.006666666666667
401,92250.0,2.1646341463414633
402,92251.0,2.67639902676399
403,92252.0,2.1151515151515152
404,92253.0,2.8033088235294117
405,92254.0,1.488562091503268
406,92256.0,2.1338028169014085
407,92257.0,1.7659574468085106
408,92260.0,2.5039768618944325
409,92262.0,2.504753673292999
410,92264.0,2.617713004484305
411,92270.0,3.2673656618610747
412,92274.0,1.604135893648449
413,92276.0,1.894894894894895
414,92277.0,2.125150421179302
415,92281.0,1.8160919540229885
416,92282.0,1.925
417,92283.0,1.6161616161616161
418,92284.0,2.1916757940854326
419,92285.0,1.7727272727272727
420,92301.0,1.8036758563074353
421,92305.0,2.5714285714285716
422,92307.0,2.4192139737991267
423,92308.0,2.3127781309599493
424,92309.0,1.6296296296296295
425,92310.0,2.220149253731343
426,92311.0,2.046075085324232
427,92313.0,2.593425605536332
428,92314.0,2.2707774798927614
429,92315.0,2.337386018237082
430,92316.0,1.91593567251462
431,92320.0,2.5731414868105515
432,92324.0,2.0024183796856105
433,92327.0,1.8888888888888888
434,92328.0,1.9473684210526316
435,92335.0,1.8406086305811924
436,92336.0,2.5652383245065
437,92337.0,2.2815301852958756
438,92339.0,2.7
439,92342.0,2.7185185185185183
440,92344.0,2.517038777908343
441,92345.0,2.082684824902724
442,92346.0,2.4495153473344105
443,92347.0,1.9130434782608696
444,92354.0,2.6449275362318843
445,92356.0,1.9351351351351351
446,92358.0,2.4
447,92359.0,2.3795811518324608
448,92363.0,2.0113636363636362
449,92365.0,2.015151515151515
450,92368.0,1.9666666666666666
451,92371.0,2.2419354838709675
452,92372.0,2.4568527918781724
453,92373.0,3.0591259640102826
454,92374.0,2.5539407490218
455,92376.0,1.9155290102389078
456,92377.0,2.4340931615460852
457,92392.0,2.149049093321539
458,92394.0,2.0110497237569063
459,92395.0,2.057704112952732
460,92397.0,2.9502074688796682
461,92399.0,2.6316239316239316
462,92401.0,1.4029850746268657
463,92404.0,1.8952461085401766
464,92405.0,1.8269230769230769
465,92407.0,2.2458432304038003
466,92408.0,1.8445297504798464
467,92410.0,1.6098360655737705
468,92411.0,1.6415458937198069
469,92501.0,2.1542857142857144
470,92503.0,2.3296029842792434
471,92504.0,2.3056150878696955
472,92505.0,2.1782835467045993
473,92506.0,2.964614638875424
474,92507.0,2.105040037682525
475,92508.0,2.956117021276596
476,92509.0,2.13868842171321
477,92518.0,3.232142857142857
478,92530.0,2.2323747680890538
479,92532.0,2.789525691699605
480,92536.0,2.4671532846715327
481,92539.0,2.116883116883117
482,92543.0,1.7589147286821705
483,92544.0,2.144831398562742
484,92545.0,2.179023508137432
485,92548.0,1.8814229249011858
486,92551.0,2.0359012715033655
487,92553.0,1.879734219269103
488,92555.0,2.4809027777777777
489,92557.0,2.2750780205082477
490,92561.0,2.783333333333333
491,92562.0,2.8328991440267957
492,92563.0,2.775406871609403
493,92567.0,2.2144638403990027
494,92570.0,1.9847890088321885
495,92571.0,2.0492766726943943
496,92582.0,2.2749638205499276
497,92583.0,1.9291808873720135
498,92584.0,2.75976272862086
499,92585.0,2.543956043956044
500,92586.0,2.170756646216769
501,92587.0,2.755644090305445
502,92590.0,2.549019607843137
503,92591.0,2.775070821529745
504,92592.0,3.0349800552316664
505,92595.0,2.4982888432580426
506,92596.0,2.873030583873957
507,92602.0,3.417351598173516
508,92603.0,3.7473928157589804
509,92604.0,3.1043478260869564
510,92606.0,3.067218200620476
511,92610.0,3.4773139745916515
512,92612.0,3.040104620749782
513,92614.0,3.1222130470685383
514,92617.0,2.920489296636086
515,92618.0,3.510452961672474
516,92620.0,3.380606578385305
517,92624.0,2.9153439153439153
518,92625.0,3.9675425038639878
519,92626.0,2.7815296989422293
520,92627.0,2.5186429291232786
521,92629.0,3.159058487874465
522,92630.0,2.907998735377806
523,92637.0,2.5278058645096055
524,92646.0,3.1390820584144645
525,92647.0,2.680336487907466
526,92648.0,3.174851820491109
527,92649.0,3.2344632768361583
528,92651.0,3.529608006672227
529,92653.0,3.01797603195739
530,92655.0,1.864795918367347
531,92656.0,3.2293762575452716
532,92657.0,4.128603104212861
533,92660.0,3.6632183908045977
534,92661.0,3.3315217391304346
535,92662.0,3.453333333333333
536,92663.0,3.252085264133457
537,92672.0,2.9248203427307904
538,92673.0,3.596212121212121
539,92675.0,2.8286567164179104
540,92676.0,3.145631067961165
541,92677.0,3.2647896235368554
542,92679.0,3.6779203241053344
543,92683.0,2.240028155795401
544,92688.0,3.1984877126654063
545,92691.0,3.0066917607695527
546,92692.0,3.2415706359368333
547,92694.0,3.919720767888307
548,92701.0,1.8229268292682927
549,92703.0,1.7810140237324703
550,92704.0,1.9912820512820513
551,92705.0,2.9443665264142123
552,92706.0,2.2789968652037618
553,92707.0,2.0135431918008786
554,92708.0,2.8662558898151502
555,92780.0,2.433308214016579
556,92782.0,3.433463035019455
557,92801.0,2.025257915332622
558,92802.0,2.05995599559956
559,92804.0,2.11922268907563
560,92805.0,2.080474111041797
561,92806.0,2.3525258011950028
562,92807.0,3.149888143176734
563,92808.0,3.4261954261954264
564,92821.0,2.962532981530343
565,92823.0,3.490990990990991
566,92831.0,2.5652173913043477
567,92832.0,2.309688581314879
568,92833.0,2.6041043180846515
569,92835.0,3.268733850129199
570,92840.0,2.1588
571,92841.0,2.14453125
572,92843.0,1.9677576941866146
573,92844.0,1.9934762348555453
574,92845.0,3.0722154222766216
575,92860.0,2.81959706959707
576,92861.0,3.7508771929824563
577,92865.0,2.7428861788617884
578,92866.0,2.5469208211143695
579,92867.0,2.883625128733265
580,92868.0,2.3551401869158877
581,92869.0,2.9370473537604456
582,92870.0,2.783442088091354
583,92879.0,2.368884540117417
584,92880.0,2.939738292011019
585,92881.0,2.9531849577897162
586,92882.0,2.5706081081081082
587,92883.0,3.1128914785142023
588,92886.0,3.3729847494553375
589,92887.0,3.4578680203045686
590,93001.0,2.5256994144437215
591,93003.0,2.8113673805601316
592,93004.0,2.857142857142857
593,93010.0,2.9753861003861
594,93012.0,3.234234234234234
595,93013.0,2.6857142857142855
596,93015.0,2.351206434316354
597,93021.0,3.0134303301622833
598,93022.0,2.7315436241610738
599,93023.0,2.773462783171521
600,93030.0,2.1357115160915083
601,93033.0,1.925194660734149
602,93035.0,2.7487065779748705
603,93036.0,2.3809756097560975
604,93041.0,2.2790224032586557
605,93060.0,2.1679284239504475
606,93063.0,2.8871391076115485
607,93065.0,2.8871338311315338
608,93066.0,3.0365853658536586
609,93101.0,2.424342105263158
610,93103.0,2.6116504854368934
611,93105.0,3.1842732327243843
612,93108.0,3.7825159914712154
613,93109.0,3.1306818181818183
614,93110.0,2.957474226804124
615,93111.0,3.137542277339346
616,93117.0,2.6423034330011075
617,93202.0,1.88125
618,93203.0,1.650130548302872
619,93204.0,1.7675070028011204
620,93205.0,1.8181818181818181
621,93206.0,1.9367088607594938
622,93210.0,2.272189349112426
623,93212.0,1.9317738791423003
624,93215.0,1.7808063600227144
625,93219.0,1.523936170212766
626,93221.0,2.3993055555555554
627,93223.0,1.6889460154241644
628,93224.0,2.357142857142857
629,93225.0,2.4416243654822334
630,93226.0,2.5
631,93230.0,2.3377380489700736
632,93235.0,1.6927710843373494
633,93238.0,2.5074626865671643
634,93239.0,1.6785714285714286
635,93240.0,2.095959595959596
636,93241.0,1.5623052959501558
637,93242.0,2.0916030534351147
638,93243.0,2.288135593220339
639,93244.0,2.5454545454545454
640,93245.0,2.411401098901099
641,93247.0,1.798780487804878
642,93249.0,1.7821782178217822
643,93250.0,1.7118644067796611
644,93252.0,2.0
645,93254.0,2.103448275862069
646,93255.0,2.0
647,93256.0,1.6881720430107527
648,93257.0,1.9922737306843268
649,93263.0,2.0462130937098846
650,93265.0,2.9146341463414633
651,93266.0,1.8983050847457628
652,93267.0,1.8384279475982532
653,93268.0,2.1869639794168094
654,93270.0,1.8333333333333333
655,93271.0,2.8
656,93272.0,1.925
657,93274.0,2.168092227593901
658,93277.0,2.3657733897508226
659,93280.0,1.8618654073199528
660,93283.0,1.9272727272727272
661,93285.0,2.15
662,93286.0,1.923728813559322
663,93291.0,2.4515682656826567
664,93292.0,2.371499688861232
665,93301.0,2.025948103792415
666,93304.0,1.7318840579710144
667,93305.0,1.7057851239669422
668,93306.0,2.251358203549439
669,93307.0,1.7217687074829933
670,93308.0,2.3374741200828155
671,93309.0,2.193843594009983
672,93311.0,3.006739243131156
673,93312.0,3.059268600252207
674,93313.0,2.329245283018868
675,93314.0,3.3202933985330074
676,93401.0,2.85348506401138
677,93402.0,2.7025036818851254
678,93405.0,2.6232258064516127
679,93420.0,2.9711751662971175
680,93422.0,2.819260293091417
681,93426.0,2.673076923076923
682,93427.0,2.695945945945946
683,93428.0,2.7537537537537538
684,93430.0,2.9084967320261437
685,93432.0,2.7761194029850746
686,93433.0,2.4705882352941178
687,93434.0,1.9607843137254901
688,93436.0,2.4126278345931524
689,93437.0,2.330769230769231
690,93442.0,2.6417624521072796
691,93444.0,2.782393669634026
692,93445.0,2.174061433447099
693,93446.0,2.6323076923076925
694,93449.0,3.1313868613138687
695,93450.0,2.0384615384615383
696,93451.0,2.3535911602209945
697,93452.0,2.24
698,93453.0,2.6615384615384614
699,93454.0,2.2066666666666666
700,93455.0,2.794369029663147
701,93458.0,1.918907736863881
702,93460.0,3.074468085106383
703,93461.0,2.15
704,93463.0,3.056756756756757
705,93465.0,2.954070981210856
706,93501.0,1.970414201183432
707,93505.0,2.1604938271604937
708,93510.0,3.100817438692098
709,93513.0,2.493333333333333
710,93514.0,2.5864406779661016
711,93516.0,2.2950819672131146
712,93517.0,2.323529411764706
713,93518.0,2.4285714285714284
714,93523.0,2.789473684210526
715,93526.0,2.5625
716,93527.0,2.652173913043478
717,93531.0,3.5
718,93532.0,2.717948717948718
719,93534.0,1.9884318766066837
720,93535.0,1.9227557411273486
721,93536.0,2.741030195381883
722,93543.0,2.0389863547758287
723,93544.0,2.4523809523809526
724,93545.0,2.433734939759036
725,93546.0,2.467889908256881
726,93550.0,1.8884048257372654
727,93551.0,2.852029681361851
728,93552.0,2.1085749537322642
729,93553.0,2.492957746478873
730,93555.0,2.7453737971872685
731,93560.0,2.4260869565217393
732,93561.0,2.7775
733,93562.0,2.2916666666666665
734,93591.0,1.875
735,93601.0,2.5365853658536586
736,93602.0,2.7083333333333335
737,93604.0,2.764705882352941
738,93608.0,1.7272727272727273
739,93609.0,2.0184331797235022
740,93610.0,2.2155591572123177
741,93611.0,2.8995049504950496
742,93612.0,2.0395364689843216
743,93614.0,2.6857142857142855
744,93615.0,1.569377990430622
745,93616.0,1.7706422018348624
746,93618.0,1.8829141370338247
747,93619.0,3.430922986478542
748,93620.0,2.0489130434782608
749,93621.0,2.210526315789474
750,93622.0,1.9219143576826196
751,93625.0,2.3063063063063063
752,93626.0,3.303370786516854
753,93628.0,1.9166666666666667
754,93630.0,2.06781914893617
755,93631.0,2.584057971014493
756,93635.0,2.226651480637813
757,93636.0,2.8732943469785575
758,93637.0,2.1879895561357703
759,93638.0,1.7922497308934338
760,93640.0,1.554327808471455
761,93641.0,2.2142857142857144
762,93643.0,2.44
763,93644.0,2.4071246819338423
764,93645.0,2.923076923076923
765,93646.0,1.6312849162011174
766,93647.0,1.6378896882494005
767,93648.0,1.6595744680851063
768,93650.0,1.7848837209302326
769,93651.0,3.023529411764706
770,93652.0,1.6666666666666667
771,93653.0,2.4634146341463414
772,93654.0,2.0768614891913533
773,93656.0,2.0217391304347827
774,93657.0,2.192386131883073
775,93660.0,1.7073170731707317
776,93662.0,1.938251804330393
777,93664.0,3.264705882352941
778,93667.0,2.649484536082474
779,93668.0,2.159090909090909
780,93669.0,2.1666666666666665
781,93675.0,2.3923076923076922
782,93701.0,1.4391691394658754
783,93702.0,1.5179487179487179
784,93703.0,1.6464646464646464
785,93704.0,2.393537696768848
786,93705.0,1.8131313131313131
787,93706.0,1.6825757575757576
788,93710.0,2.1806346623270954
789,93711.0,2.9866592551417455
790,93720.0,2.975355450236967
791,93721.0,1.8724832214765101
792,93722.0,2.1958430913348947
793,93723.0,2.6357466063348416
794,93725.0,1.811789038262668
795,93726.0,1.7942998760842628
796,93727.0,2.138377641445126
797,93728.0,1.8269230769230769
798,93730.0,3.6622137404580153
799,93901.0,2.5362549800796814
800,93905.0,1.872595281306715
801,93906.0,2.2815680361854502
802,93907.0,2.710769230769231
803,93908.0,3.598993288590604
804,93920.0,2.276923076923077
805,93923.0,3.59251968503937
806,93924.0,3.2197452229299364
807,93925.0,2.1547619047619047
808,93926.0,2.250574712643678
809,93927.0,1.9886649874055415
810,93930.0,2.135174418604651
811,93933.0,2.4475770925110134
812,93940.0,2.969050894085282
813,93950.0,3.032765399737877
814,93953.0,3.933649289099526
815,93955.0,2.2471225457007447
816,93960.0,2.1778907242693775
817,94002.0,3.820014936519791
818,94005.0,3.6379928315412187
819,94010.0,3.8405797101449277
820,94014.0,2.55
821,94015.0,2.772506082725061
822,94019.0,3.27875
823,94020.0,3.5443037974683542
824,94021.0,2.8
825,94022.0,4.28169014084507
826,94024.0,4.251824817518248
827,94025.0,3.8483920367534457
828,94027.0,4.29320987654321
829,94028.0,4.318965517241379
830,94030.0,3.410607356715141
831,94038.0,3.2684563758389262
832,94040.0,3.789279112754159
833,94041.0,3.831578947368421
834,94043.0,3.8153553299492384
835,94044.0,3.32
836,94060.0,2.5
837,94061.0,3.2720178372352287
838,94062.0,3.8712065136935605
839,94063.0,2.6329588014981273
840,94065.0,4.155629139072848
841,94066.0,3.030563925957813
842,94070.0,3.968629961587708
843,94074.0,2.6
844,94080.0,2.945185614849188
845,94085.0,3.424825174825175
846,94086.0,3.641485275288092
847,94087.0,3.89576802507837
848,94089.0,3.2680776014109347
849,94102.0,2.9354219948849103
850,94103.0,3.194095477386935
851,94104.0,3.7674418604651163
852,94105.0,4.358974358974359
853,94107.0,3.930354033662217
854,94108.0,2.965229485396384
855,94109.0,3.4789283564118003
856,94110.0,3.2009285530049008
857,94111.0,3.907142857142857
858,94112.0,2.4871969181962386
859,94114.0,3.9764243614931236
860,94115.0,3.625128205128205
861,94116.0,3.075859178541492
862,94117.0,3.6581676750216077
863,94118.0,3.389586238958624
864,94121.0,3.085197934595525
865,94122.0,3.1042639277933395
866,94123.0,4.156189241736876
867,94124.0,2.2284182305630025
868,94127.0,3.8211227402473833
869,94129.0,3.5380710659898478
870,94130.0,1.9711538461538463
871,94131.0,3.7932118164676303
872,94132.0,2.8433823529411764
873,94133.0,3.080623306233062
874,94134.0,2.383177570093458
875,94158.0,4.0181818181818185
876,94301.0,4.18448883666275
877,94303.0,2.9486363636363637
878,94304.0,4.329842931937173
879,94305.0,3.229651162790698
880,94306.0,3.8234410217881294
881,94401.0,2.9566951566951567
882,94402.0,3.7915726109857038
883,94403.0,3.4735174287007697
884,94404.0,3.911304347826087
885,94501.0,3.0792910447761193
886,94502.0,3.6965317919075145
887,94503.0,2.8048533872598584
888,94505.0,3.4571005917159763
889,94506.0,4.130790190735695
890,94507.0,4.113456464379947
891,94508.0,2.9606299212598426
892,94509.0,2.3601493550577053
893,94510.0,3.2911931818181817
894,94513.0,3.203461674320028
895,94514.0,2.5636363636363635
896,94515.0,2.633431085043988
897,94517.0,3.6561514195583595
898,94518.0,2.9843400447427295
899,94519.0,2.876355748373102
900,94520.0,2.28864168618267
901,94521.0,3.111965401249399
902,94523.0,3.320645905420992
903,94525.0,2.853801169590643
904,94526.0,3.914814814814815
905,94530.0,3.2020879940343026
906,94531.0,2.7445436507936507
907,94533.0,2.440799284223084
908,94534.0,3.286096256684492
909,94535.0,2.0096618357487923
910,94536.0,3.380037783375315
911,94538.0,3.124874791318865
912,94539.0,3.9472537053182215
913,94541.0,2.540611640907596
914,94542.0,3.253012048192771
915,94544.0,2.4561785519869352
916,94545.0,2.696078431372549
917,94546.0,3.060375670840787
918,94547.0,3.104678826328311
919,94549.0,3.9740259740259742
920,94550.0,3.5375158965663416
921,94551.0,3.21730482347091
922,94552.0,3.675
923,94553.0,3.107330903199676
924,94555.0,3.6790364583333335
925,94556.0,4.019718309859155
926,94558.0,2.8991255465334165
927,94559.0,2.7539863325740317
928,94560.0,3.0044863167339613
929,94561.0,2.860930735930736
930,94563.0,4.175246440306681
931,94564.0,2.8407960199004973
932,94565.0,2.3872260193259485
933,94566.0,3.7356046065259116
934,94567.0,2.5714285714285716
935,94568.0,3.8197920677705044
936,94571.0,2.8258196721311477
937,94572.0,2.6252983293556085
938,94574.0,3.1435768261964734
939,94576.0,2.727272727272727
940,94577.0,2.707297187117815
941,94578.0,2.416062176165803
942,94579.0,2.639705882352941
943,94580.0,2.630968622100955
944,94582.0,4.115730337078651
945,94583.0,4.056127221702526
946,94585.0,2.5664285714285713
947,94586.0,3.660377358490566
948,94587.0,2.916497535517541
949,94588.0,3.7585139318885448
950,94589.0,2.2952973720608574
951,94590.0,2.204728950403691
952,94591.0,2.770245511176255
953,94592.0,3.142857142857143
954,94595.0,3.41123370110331
955,94596.0,3.4654454621149045
956,94597.0,3.4365351629502574
957,94598.0,3.8172362555720656
958,94599.0,2.8972602739726026
959,94601.0,2.061407440609592
960,94602.0,3.121685927940177
961,94603.0,2.0647291941875827
962,94605.0,2.6782057532910777
963,94606.0,2.270010672358591
964,94607.0,2.516793893129771
965,94608.0,2.864848844101956
966,94609.0,2.785774058577406
967,94610.0,3.349171270718232
968,94611.0,3.746138996138996
969,94612.0,2.793388429752066
970,94618.0,3.916761687571266
971,94619.0,2.9936102236421727
972,94621.0,1.9133383571966842
973,94702.0,2.9536199095022626
974,94703.0,2.873429951690821
975,94704.0,2.288519637462236
976,94705.0,3.5208053691275167
977,94706.0,3.262241566920566
978,94707.0,3.877906976744186
979,94708.0,3.9647058823529413
980,94709.0,2.9242424242424243
981,94710.0,2.749367088607595
982,94801.0,2.1579754601226995
983,94803.0,2.842233009708738
984,94804.0,2.3600812595226004
985,94805.0,2.6875
986,94806.0,2.3179739711572283
987,94901.0,3.050942435048395
988,94903.0,3.409802586793737
989,94904.0,3.7823240589198037
990,94920.0,4.131921824104235
991,94922.0,2.45
992,94923.0,3.1095890410958904
993,94924.0,2.5873015873015874
994,94925.0,3.7965738758029977
995,94928.0,2.56078431372549
996,94930.0,3.291764705882353
997,94931.0,2.733615221987315
998,94937.0,2.980392156862745
999,94939.0,3.831978319783198
1000,94941.0,3.82809364548495
1001,94945.0,3.2610208816705337
1002,94946.0,3.3793103448275863
1003,94947.0,3.200826446280992
1004,94949.0,3.209919261822376
1005,94951.0,3.009009009009009
1006,94952.0,3.018738288569644
1007,94954.0,2.9691224268689056
1008,94956.0,2.7804878048780486
1009,94960.0,3.68363136176066
1010,94965.0,3.5740131578947367
1011,95003.0,3.2804141501294217
1012,95004.0,2.9278350515463916
1013,95005.0,3.0229508196721313
1014,95006.0,3.1043083900226756
1015,95008.0,3.4044368600682593
1016,95010.0,2.8507462686567164
1017,95012.0,2.0193050193050195
1018,95014.0,4.060919540229885
1019,95017.0,2.4761904761904763
1020,95018.0,2.979539641943734
1021,95019.0,2.0387596899224807
1022,95020.0,2.8788964528842707
1023,95023.0,2.672517123287671
1024,95030.0,4.119878603945372
1025,95032.0,3.902661596958175
1026,95033.0,3.819277108433735
1027,95035.0,3.2261634506242904
1028,95037.0,3.322735191637631
1029,95039.0,2.3766233766233764
1030,95043.0,2.6153846153846154
1031,95045.0,2.8645833333333335
1032,95046.0,2.8216374269005846
1033,95050.0,3.196703296703297
1034,95051.0,3.540898016011138
1035,95054.0,3.8216783216783217
1036,95060.0,2.83088954056696
1037,95062.0,2.743502824858757
1038,95064.0,2.389830508474576
1039,95065.0,3.08128078817734
1040,95066.0,3.377094972067039
1041,95070.0,4.088846880907372
1042,95073.0,2.9666080843585236
1043,95075.0,3.0285714285714285
1044,95076.0,2.2324192234591367
1045,95110.0,2.875406283856988
1046,95111.0,2.3158819395643007
1047,95112.0,2.5703942075623494
1048,95113.0,3.3815789473684212
1049,95116.0,2.1907058307759755
1050,95117.0,2.8694083694083696
1051,95118.0,3.2872964169381107
1052,95119.0,3.2989690721649483
1053,95120.0,3.9937535491198184
1054,95121.0,2.6425855513307983
1055,95122.0,2.1499427699351394
1056,95123.0,3.1151255358236374
1057,95124.0,3.6083885209713022
1058,95125.0,3.53414442700157
1059,95126.0,3.183066361556064
1060,95127.0,2.5447236180904524
1061,95128.0,3.059241706161137
1062,95129.0,3.677759290072102
1063,95130.0,3.356687898089172
1064,95131.0,3.2440318302387268
1065,95132.0,3.066733067729084
1066,95133.0,2.7940520446096655
1067,95134.0,3.991869918699187
1068,95135.0,3.812565445026178
1069,95136.0,3.121451838064216
1070,95138.0,3.5902383654937573
1071,95139.0,3.385321100917431
1072,95140.0,3.411764705882353
1073,95148.0,2.934966592427617
1074,95202.0,1.5245901639344261
1075,95203.0,1.946398659966499
1076,95204.0,2.2769353551476454
1077,95205.0,1.7542430414120842
1078,95206.0,1.9778195488721804
1079,95207.0,2.151665837891596
1080,95209.0,2.558742415885273
1081,95210.0,1.8759075907590759
1082,95212.0,2.460674157303371
1083,95215.0,2.100811123986095
1084,95219.0,3.00160128102482
1085,95220.0,2.612794612794613
1086,95222.0,2.6775956284153004
1087,95223.0,2.7109826589595376
1088,95228.0,2.869565217391304
1089,95230.0,2.6
1090,95231.0,2.1446540880503147
1091,95232.0,2.25
1092,95236.0,2.765625
1093,95237.0,2.5174418604651163
1094,95240.0,2.2383561643835614
1095,95242.0,2.863826232247285
1096,95245.0,2.506849315068493
1097,95246.0,2.46875
1098,95247.0,2.668269230769231
1099,95249.0,2.3333333333333335
1100,95251.0,2.5
1101,95252.0,2.7266553480475384
1102,95255.0,2.1641791044776117
1103,95257.0,2.0588235294117645
1104,95258.0,2.8031496062992125
1105,95301.0,2.304521276595745
1106,95303.0,2.3783783783783785
1107,95304.0,2.945750452079566
1108,95306.0,2.6315789473684212
1109,95307.0,2.1241721854304636
1110,95310.0,2.3873873873873874
1111,95311.0,2.3421052631578947
1112,95313.0,2.2033898305084745
1113,95315.0,1.9939148073022313
1114,95316.0,2.619672131147541
1115,95317.0,2.090909090909091
1116,95320.0,2.726449275362319
1117,95321.0,2.5502958579881656
1118,95322.0,2.2102564102564104
1119,95323.0,2.480769230769231
1120,95324.0,2.454248366013072
1121,95326.0,2.5973451327433628
1122,95327.0,2.3984375
1123,95328.0,1.981012658227848
1124,95329.0,2.7
1125,95330.0,2.611111111111111
1126,95333.0,2.1203703703703702
1127,95334.0,1.9659969088098919
1128,95335.0,1.8571428571428572
1129,95336.0,2.539192399049881
1130,95337.0,2.701212121212121
1131,95338.0,2.468609865470852
1132,95340.0,2.4229607250755287
1133,95341.0,1.7719928186714542
1134,95345.0,2.242424242424242
1135,95346.0,2.5686274509803924
1136,95348.0,2.132591958939264
1137,95350.0,2.285203397407242
1138,95351.0,1.820738137082601
1139,95354.0,2.1030534351145036
1140,95355.0,2.6103027919779787
1141,95356.0,2.7085714285714286
1142,95357.0,2.530782029950083
1143,95358.0,2.124507486209614
1144,95360.0,2.2601941747572813
1145,95361.0,2.6981792717086837
1146,95363.0,2.3791593695271454
1147,95364.0,2.0
1148,95365.0,1.7666666666666666
1149,95366.0,3.053708439897698
1150,95367.0,2.4085188770571153
1151,95368.0,2.481191222570533
1152,95369.0,2.4324324324324325
1153,95370.0,2.531409168081494
1154,95372.0,2.5172413793103448
1155,95374.0,2.1343283582089554
1156,95376.0,2.5359116022099446
1157,95377.0,2.9457308248914615
1158,95379.0,2.435754189944134
1159,95380.0,2.1186335403726706
1160,95382.0,2.6836340206185567
1161,95383.0,2.7044334975369457
1162,95385.0,1.8571428571428572
1163,95386.0,2.2771084337349397
1164,95388.0,1.8902691511387164
1165,95389.0,2.176470588235294
1166,95391.0,3.604133545310016
1167,95401.0,2.4857475276323444
1168,95403.0,2.661257606490872
1169,95404.0,2.887777777777778
1170,95405.0,2.9832007073386384
1171,95407.0,2.230340211935304
1172,95409.0,3.0674802584350322
1173,95410.0,2.263157894736842
1174,95415.0,2.09375
1175,95421.0,2.4098360655737703
1176,95422.0,1.7527114967462039
1177,95423.0,1.9851851851851852
1178,95425.0,2.646718146718147
1179,95427.0,2.2777777777777777
1180,95428.0,1.8205128205128205
1181,95432.0,2.210526315789474
1182,95436.0,2.7385159010600706
1183,95437.0,2.1953488372093024
1184,95439.0,2.6122448979591835
1185,95441.0,2.596638655462185
1186,95442.0,2.973856209150327
1187,95444.0,2.7
1188,95445.0,2.726618705035971
1189,95446.0,2.435344827586207
1190,95448.0,2.8946162657502863
1191,95449.0,2.211267605633803
1192,95450.0,2.411764705882353
1193,95451.0,2.3579175704989153
1194,95452.0,3.1645569620253164
1195,95453.0,2.39375
1196,95454.0,1.8350515463917525
1197,95456.0,2.4166666666666665
1198,95457.0,2.213793103448276
1199,95458.0,1.9479166666666667
1200,95459.0,2.272727272727273
1201,95460.0,2.547945205479452
1202,95461.0,2.36734693877551
1203,95462.0,2.3859649122807016
1204,95464.0,1.8588235294117648
1205,95465.0,2.682242990654206
1206,95466.0,2.1333333333333333
1207,95467.0,2.7964601769911503
1208,95468.0,1.9682539682539681
1209,95469.0,2.452054794520548
1210,95470.0,2.537254901960784
1211,95472.0,2.8802710843373496
1212,95476.0,2.887261146496815
1213,95482.0,2.3484848484848486
1214,95485.0,2.058252427184466
1215,95490.0,2.197392923649907
1216,95492.0,2.9249463902787705
1217,95494.0,2.5384615384615383
1218,95501.0,2.0808416389811737
1219,95503.0,2.465235173824131
1220,95519.0,2.4823529411764707
1221,95521.0,2.0393700787401574
1222,95524.0,2.877551020408163
1223,95525.0,2.3333333333333335
1224,95526.0,1.9375
1225,95527.0,1.9166666666666667
1226,95528.0,2.2972972972972974
1227,95531.0,2.247148288973384
1228,95536.0,2.552
1229,95540.0,2.390763765541741
1230,95542.0,2.1704545454545454
1231,95543.0,2.6923076923076925
1232,95546.0,1.8461538461538463
1233,95547.0,2.727272727272727
1234,95548.0,1.868421052631579
1235,95549.0,2.7419354838709675
1236,95551.0,2.2686567164179103
1237,95552.0,1.9230769230769231
1238,95554.0,1.7857142857142858
1239,95558.0,2.0
1240,95560.0,2.0588235294117645
1241,95562.0,2.103448275862069
1242,95564.0,1.8125
1243,95565.0,2.0
1244,95567.0,2.3132530120481927
1245,95570.0,2.5309734513274336
1246,95573.0,2.260869565217391
1247,95585.0,1.3846153846153846
1248,95589.0,2.021276595744681
1249,95602.0,2.889705882352941
1250,95603.0,2.7836117740652346
1251,95605.0,2.0782608695652174
1252,95606.0,3.0833333333333335
1253,95607.0,2.6666666666666665
1254,95608.0,2.783339166958348
1255,95610.0,2.350643163411148
1256,95612.0,2.876923076923077
1257,95614.0,3.0833333333333335
1258,95615.0,2.2325581395348837
1259,95616.0,2.918392969240427
1260,95618.0,3.248148148148148
1261,95619.0,2.494208494208494
1262,95620.0,2.6666666666666665
1263,95621.0,2.3433645781943757
1264,95623.0,2.757847533632287
1265,95624.0,2.82689556509299
1266,95626.0,2.541044776119403
1267,95627.0,2.4411764705882355
1268,95628.0,2.9975915221579963
1269,95629.0,2.6818181818181817
1270,95630.0,3.443887147335423
1271,95631.0,2.7754385964912283
1272,95632.0,2.5806691449814125
1273,95633.0,2.6423357664233578
1274,95634.0,2.525925925925926
1275,95635.0,2.5576923076923075
1276,95636.0,2.5121951219512195
1277,95637.0,2.3846153846153846
1278,95638.0,2.881188118811881
1279,95640.0,2.6239782016348774
1280,95641.0,2.3209876543209877
1281,95642.0,2.598870056497175
1282,95645.0,2.217391304347826
1283,95648.0,3.0827129859387923
1284,95650.0,3.1716535433070865
1285,95651.0,2.9210526315789473
1286,95652.0,1.8846153846153846
1287,95655.0,3.0
1288,95658.0,3.111464968152866
1289,95659.0,2.806451612903226
1290,95660.0,1.8816654492330167
1291,95661.0,3.0796812749003983
1292,95662.0,2.80012853470437
1293,95663.0,3.2753623188405796
1294,95664.0,3.0153846153846153
1295,95665.0,2.6076555023923444
1296,95666.0,2.5244444444444443
1297,95667.0,2.7483483483483484
1298,95668.0,2.7222222222222223
1299,95669.0,2.73109243697479
1300,95670.0,2.5311398354876617
1301,95672.0,3.269406392694064
1302,95673.0,2.3105497771173846
1303,95674.0,2.861111111111111
1304,95677.0,2.9436392914653786
1305,95678.0,2.7073052733430094
1306,95681.0,2.3684210526315788
1307,95682.0,3.0152143845089903
1308,95683.0,3.5394321766561516
1309,95684.0,2.6198347107438016
1310,95685.0,2.760180995475113
1311,95687.0,2.7982698961937715
1312,95688.0,3.029892836999436
1313,95689.0,2.96875
1314,95690.0,2.381818181818182
1315,95691.0,2.747784997046663
1316,95692.0,2.572769953051643
1317,95693.0,3.2066869300911853
1318,95694.0,2.675438596491228
1319,95695.0,2.536052009456265
1320,95703.0,2.772727272727273
1321,95709.0,2.8333333333333335
1322,95713.0,2.6933701657458564
1323,95722.0,3.142857142857143
1324,95726.0,2.6564102564102563
1325,95742.0,3.3796133567662565
1326,95746.0,3.6946564885496183
1327,95747.0,3.2985125084516564
1328,95757.0,3.0902217741935485
1329,95758.0,2.7973537604456826
1330,95762.0,3.756243756243756
1331,95765.0,3.326431181485993
1332,95776.0,2.5336170212765956
1333,95811.0,2.3865336658354113
1334,95814.0,2.5308056872037916
1335,95815.0,1.8239508700102354
1336,95816.0,2.7988394584139265
1337,95817.0,2.3349514563106797
1338,95818.0,3.045620437956204
1339,95819.0,3.50055617352614
1340,95820.0,2.106188925081433
1341,95821.0,2.357632398753894
1342,95822.0,2.3474155069582503
1343,95823.0,1.916425586628094
1344,95824.0,1.7350352112676057
1345,95825.0,2.1379986919555263
1346,95826.0,2.4448236632536973
1347,95827.0,2.2962226640159047
1348,95828.0,2.0119856172592887
1349,95829.0,2.72473604826546
1350,95830.0,3.0277777777777777
1351,95831.0,2.982415548357242
1352,95832.0,1.8310810810810811
1353,95833.0,2.3820728291316526
1354,95834.0,2.486217457886677
1355,95835.0,3.026284348864994
1356,95837.0,3.6363636363636362
1357,95838.0,1.8894601542416452
1358,95841.0,2.092841163310962
1359,95842.0,2.0439164866810655
1360,95843.0,2.456553755522828
1361,95864.0,3.354020979020979
1362,95901.0,2.164615384615385
1363,95903.0,1.9268292682926829
1364,95912.0,2.4415584415584415
1365,95914.0,2.2
1366,95916.0,2.111111111111111
1367,95917.0,2.2900763358778624
1368,95918.0,3.111111111111111
1369,95919.0,2.111111111111111
1370,95920.0,1.75
1371,95922.0,2.0
1372,95925.0,2.0
1373,95926.0,2.3173455978975035
1374,95928.0,2.4281842818428183
1375,95932.0,2.381818181818182
1376,95934.0,1.9090909090909092
1377,95935.0,2.1153846153846154
1378,95938.0,2.89247311827957
1379,95939.0,2.0
1380,95941.0,2.0714285714285716
1381,95942.0,2.935483870967742
1382,95943.0,2.857142857142857
1383,95945.0,2.3678260869565215
1384,95946.0,2.794816414686825
1385,95947.0,2.2857142857142856
1386,95948.0,2.2613636363636362
1387,95949.0,2.751126126126126
1388,95953.0,2.1379310344827585
1389,95954.0,2.187363834422658
1390,95957.0,2.5172413793103448
1391,95959.0,2.738262910798122
1392,95960.0,1.7551020408163265
1393,95961.0,2.2556008146639512
1394,95962.0,2.359375
1395,95963.0,2.209048361934477
1396,95965.0,2.0
1397,95966.0,2.255299539170507
1398,95968.0,2.0
1399,95969.0,2.371863799283154
1400,95970.0,2.3076923076923075
1401,95971.0,2.4538745387453873
1402,95973.0,2.6520335700451905
1403,95975.0,2.486842105263158
1404,95977.0,2.4285714285714284
1405,95979.0,2.125
1406,95982.0,2.6216216216216215
1407,95983.0,2.2777777777777777
1408,95987.0,2.1554770318021204
1409,95988.0,2.2779291553133514
1410,95991.0,2.1925972396486824
1411,95993.0,2.538961038961039
1412,96001.0,2.5468409586056646
1413,96002.0,2.2842712842712842
1414,96003.0,2.388438681793625
1415,96006.0,2.25
1416,96007.0,2.1863839285714284
1417,96008.0,2.5492957746478875
1418,96013.0,2.26875
1419,96015.0,1.9230769230769231
1420,96016.0,2.8666666666666667
1421,96019.0,2.145077720207254
1422,96020.0,2.4310344827586206
1423,96021.0,2.026058631921824
1424,96022.0,2.5180533751962324
1425,96023.0,2.066666666666667
1426,96024.0,2.161290322580645
1427,96025.0,1.9662921348314606
1428,96027.0,2.3411764705882354
1429,96028.0,2.517857142857143
1430,96032.0,2.247311827956989
1431,96033.0,1.8125
1432,96034.0,1.9090909090909092
1433,96035.0,1.9827586206896552
1434,96038.0,2.0384615384615383
1435,96039.0,2.076923076923077
1436,96041.0,2.0
1437,96044.0,2.0789473684210527
1438,96047.0,2.5161290322580645
1439,96048.0,2.16
1440,96050.0,1.9285714285714286
1441,96051.0,2.4130434782608696
1442,96052.0,2.1818181818181817
1443,96055.0,2.2167832167832167
1444,96056.0,2.5
1445,96057.0,2.2452830188679247
1446,96058.0,1.7878787878787878
1447,96059.0,2.2
1448,96062.0,2.8085106382978724
1449,96064.0,2.1790123456790123
1450,96065.0,1.9333333333333333
1451,96067.0,2.438746438746439
1452,96069.0,2.3529411764705883
1453,96073.0,3.0547945205479454
1454,96080.0,2.2798283261802577
1455,96088.0,2.393617021276596
1456,96091.0,2.1666666666666665
1457,96094.0,2.271062271062271
1458,96096.0,2.4
1459,96097.0,2.1925754060324825
1460,96101.0,2.2587064676616917
1461,96103.0,2.75
1462,96104.0,2.1470588235294117
1463,96105.0,2.6470588235294117
1464,96107.0,2.3333333333333335
1465,96109.0,2.5
1466,96114.0,2.9834710743801653
1467,96117.0,2.357142857142857
1468,96118.0,2.3934426229508197
1469,96120.0,2.4473684210526314
1470,96121.0,2.75
1471,96122.0,2.216867469879518
1472,96124.0,2.3846153846153846
1473,96125.0,2.2
1474,96128.0,2.7916666666666665
1475,96130.0,2.539763113367174
1476,96134.0,2.1176470588235294
1477,96137.0,2.4661016949152543
1478,96146.0,2.6338028169014085
1479,96150.0,2.30778739184178
1480,96161.0,3.087719298245614
