,index,zip,income
0,0,90001,35660
1,1,90002,34000
2,2,90003,34397
3,3,90004,46581
4,4,90005,32461
5,5,90006,33790
6,6,90007,23070
7,7,90008,36641
8,8,90010,47115
9,9,90011,33824
10,10,90012,38786
11,11,90013,22808
12,12,90014,37619
13,13,90015,32979
14,14,90016,43443
15,15,90017,28638
16,16,90018,37341
17,17,90019,50671
18,18,90020,42407
19,19,90021,12864
20,20,90022,41276
21,21,90023,40225
22,22,90024,59418
23,23,90025,78713
24,24,90026,54342
25,25,90027,58344
26,26,90028,40068
27,27,90029,37379
28,29,90032,47370
29,30,90033,31683
30,31,90034,65572
31,32,90035,76677
32,33,90036,74279
33,34,90037,31045
34,35,90038,36996
35,36,90039,81394
36,37,90040,43585
37,38,90041,73250
38,39,90042,55596
39,40,90043,41812
40,41,90044,32278
41,42,90045,90399
42,43,90046,65990
43,44,90047,42551
44,45,90048,85396
45,46,90056,84438
46,47,90057,31337
47,48,90058,16425
48,49,90059,37653
49,50,90061,37126
50,51,90062,40018
51,52,90063,44121
52,53,90064,92194
53,54,90065,58405
54,55,90066,75209
55,56,90067,123889
56,57,90068,82718
57,58,90069,86403
58,60,90077,184722
59,61,90094,136250
60,62,90201,39498
61,63,90210,149732
62,64,90211,71402
63,65,90212,103032
64,66,90220,54014
65,67,90221,46008
66,68,90222,40719
67,69,90230,79242
68,70,90232,82254
69,71,90240,81205
70,73,90242,62402
71,74,90245,92942
72,75,90247,46076
73,76,90248,58703
74,77,90249,53964
75,78,90250,49417
76,79,90254,124849
77,80,90255,40325
78,81,90260,58792
79,82,90262,45897
80,83,90265,137672
81,84,90266,148899
82,85,90270,37553
83,86,90272,180962
84,87,90274,158497
85,88,90275,124384
86,89,90277,101532
87,90,90278,107242
88,91,90280,47281
89,92,90290,103553
90,93,90291,88078
91,94,90292,103948
92,95,90293,100042
93,96,90301,42100
94,97,90302,43788
95,98,90303,44470
96,99,90304,41054
97,100,90305,68760
98,101,90401,71154
99,102,90402,140179
100,103,90403,92096
101,104,90404,73601
102,105,90405,88445
103,106,90501,64995
104,107,90502,68676
105,108,90503,84615
106,109,90504,79352
107,110,90505,91569
108,111,90601,69740
109,112,90602,48427
110,113,90603,95354
111,114,90604,66974
112,115,90605,66963
113,116,90606,66566
114,117,90621,58639
115,118,90623,91131
116,119,90630,90165
117,120,90631,76910
118,121,90638,86141
119,122,90640,50326
120,123,90650,63669
121,124,90660,61524
122,125,90670,66509
123,126,90680,53492
124,127,90701,62863
125,128,90703,98175
126,129,90704,63021
127,130,90706,52944
128,131,90710,57968
129,132,90712,83627
130,133,90713,94110
131,134,90715,69905
132,135,90716,38500
133,136,90717,61077
134,137,90720,97598
135,138,90723,49064
136,139,90731,49464
137,140,90732,89440
138,141,90740,65299
139,142,90742,77153
140,143,90743,137361
141,144,90744,43284
142,145,90745,73053
143,146,90746,81988
144,147,90755,75828
145,148,90802,51302
146,149,90803,83861
147,150,90804,47437
148,151,90805,47981
149,152,90806,50615
150,153,90807,75057
151,154,90808,102563
152,155,90810,56061
153,156,90813,34257
154,157,90814,64623
155,158,90815,84714
156,159,91001,91090
157,160,91006,99360
158,161,91007,79964
159,162,91010,68599
160,163,91011,160288
161,164,91016,71341
162,165,91020,69150
163,166,91024,98547
164,167,91030,92847
165,168,91040,77910
166,169,91042,53412
167,170,91101,64223
168,171,91103,69334
169,172,91104,72189
170,173,91105,112765
171,174,91106,77380
172,175,91107,92266
173,176,91108,152553
174,177,91201,56580
175,178,91203,51360
176,179,91204,44304
177,180,91205,38730
178,181,91206,57379
179,182,91207,81110
180,183,91208,105000
181,184,91210,155833
182,185,91214,94322
183,186,91301,117615
184,187,91302,122967
185,188,91303,51486
186,189,91304,64367
187,190,91306,64772
188,191,91307,111043
189,192,91311,82738
190,193,91316,68720
191,194,91320,116208
192,195,91321,66178
193,196,91324,68477
194,197,91325,65129
195,198,91326,105611
196,199,91331,57353
197,200,91335,55580
198,201,91340,54703
199,202,91342,68600
200,203,91343,61692
201,204,91344,86460
202,205,91345,74193
203,206,91350,103837
204,207,91351,76706
205,208,91352,52171
206,209,91354,120560
207,210,91355,92066
208,211,91356,71654
209,212,91360,93476
210,213,91361,116114
211,214,91362,108167
212,215,91364,100323
213,216,91367,84937
214,217,91377,129721
215,218,91381,121719
216,219,91384,106431
217,220,91387,87346
218,221,91390,108836
219,222,91401,51784
220,223,91402,41669
221,224,91403,89552
222,225,91405,41283
223,226,91406,51564
224,227,91411,50332
225,228,91423,82554
226,229,91436,159965
227,230,91501,64006
228,231,91502,41784
229,232,91504,73501
230,233,91505,82630
231,234,91506,72681
232,235,91601,50832
233,236,91602,78526
234,237,91604,99745
235,238,91605,43004
236,239,91606,44773
237,240,91607,60772
238,241,91701,89067
239,242,91702,59104
240,243,91706,57240
241,244,91709,102746
242,245,91710,75408
243,246,91711,97002
244,247,91722,70632
245,248,91723,63270
246,249,91724,82821
247,250,91730,68716
248,251,91731,36344
249,252,91732,48254
250,253,91733,42758
251,254,91737,102610
252,255,91739,103974
253,256,91741,99474
254,257,91744,63318
255,258,91745,81397
256,259,91746,64607
257,260,91748,64983
258,261,91750,83743
259,262,91752,70880
260,263,91754,58056
261,264,91755,49755
262,265,91759,51719
263,266,91761,68021
264,267,91762,53462
265,268,91763,54263
266,269,91764,51961
267,270,91765,95285
268,271,91766,54163
269,272,91767,54157
270,273,91768,50044
271,274,91770,51383
272,275,91773,81020
273,276,91775,81250
274,277,91776,52051
275,278,91780,67910
276,279,91784,110945
277,280,91786,54931
278,281,91789,95081
279,282,91790,74965
280,283,91791,80020
281,284,91792,70932
282,285,91801,53644
283,286,91803,61424
284,287,91901,90397
285,288,91902,92759
286,289,91905,32819
287,290,91906,49919
288,291,91910,59371
289,292,91911,52274
290,293,91913,87440
291,294,91914,131486
292,295,91915,106452
293,296,91916,87344
294,297,91932,49950
295,298,91934,25636
296,299,91935,98668
297,300,91941,79001
298,301,91942,56645
299,302,91945,60739
300,303,91950,42942
301,304,91962,104760
302,305,91963,28508
303,306,91977,60986
304,307,91978,68206
305,309,92003,70817
306,310,92004,39514
307,311,92007,105469
308,312,92008,81073
309,313,92009,120090
310,314,92010,101402
311,315,92011,110505
312,316,92014,128679
313,317,92019,80791
314,318,92020,52264
315,319,92021,54154
316,320,92024,103417
317,321,92025,55703
318,322,92026,67122
319,323,92027,60802
320,324,92028,64801
321,325,92029,85363
322,326,92036,53750
323,327,92037,107094
324,328,92040,70513
325,329,92054,56170
326,331,92056,70636
327,332,92057,66844
328,333,92058,43992
329,334,92059,90203
330,336,92061,41841
331,337,92064,102292
332,338,92065,83382
333,339,92067,130769
334,340,92069,65485
335,341,92070,43333
336,342,92071,81716
337,343,92075,103608
338,344,92078,74094
339,345,92081,66397
340,346,92082,81857
341,347,92083,56215
342,348,92084,61584
343,349,92086,33173
344,350,92101,60417
345,351,92102,44801
346,352,92103,74523
347,353,92104,59202
348,354,92105,40272
349,355,92106,99250
350,356,92107,77631
351,357,92108,69008
352,358,92109,72945
353,359,92110,65211
354,360,92111,65098
355,361,92113,33125
356,362,92114,61430
357,363,92115,47536
358,364,92116,64959
359,365,92117,71472
360,366,92118,99641
361,367,92119,79121
362,368,92120,88202
363,369,92121,103953
364,370,92122,76872
365,371,92123,73272
366,372,92124,86068
367,373,92126,92061
368,374,92127,127227
369,375,92128,94925
370,376,92129,120279
371,377,92130,141926
372,378,92131,125035
373,380,92139,60656
374,381,92154,63638
375,382,92173,38911
376,383,92201,42329
377,384,92203,67878
378,385,92210,103365
379,386,92211,60531
380,387,92220,40055
381,388,92223,68739
382,389,92227,44127
383,390,92231,37703
384,391,92233,35347
385,392,92234,43423
386,393,92236,34463
387,394,92240,35879
388,395,92241,30658
389,396,92242,29714
390,397,92243,43842
391,398,92249,46786
392,399,92250,51758
393,400,92251,83909
394,401,92252,38405
395,402,92253,78228
396,403,92254,26830
397,405,92259,30114
398,406,92260,53750
399,407,92262,47840
400,408,92264,47679
401,409,92268,39234
402,410,92270,64754
403,411,92274,29330
404,412,92275,30259
405,413,92276,41302
406,414,92277,39466
407,415,92278,51528
408,416,92281,35536
409,417,92283,27000
410,418,92284,42723
411,419,92285,28650
412,420,92301,33919
413,421,92305,63594
414,422,92307,56579
415,423,92308,45585
416,424,92309,38977
417,425,92310,50621
418,426,92311,41757
419,427,92313,65565
420,428,92314,51333
421,429,92316,53648
422,430,92321,73311
423,431,92324,48578
424,432,92325,57118
425,433,92327,35905
426,434,92328,29605
427,435,92335,47226
428,436,92336,87744
429,437,92337,76046
430,438,92339,65167
431,440,92342,72872
432,441,92344,80230
433,442,92345,46696
434,443,92346,60732
435,444,92347,43750
436,445,92352,73875
437,446,92354,54877
438,447,92356,27708
439,448,92358,41635
440,449,92359,56590
441,450,92365,54630
442,451,92368,33300
443,452,92371,53545
444,453,92372,52206
445,454,92373,65403
446,455,92374,67606
447,456,92376,50359
448,457,92377,77094
449,458,92378,76538
450,459,92382,59547
451,460,92385,41635
452,461,92386,30455
453,462,92391,48063
454,463,92392,58063
455,464,92394,48730
456,465,92395,43395
457,466,92397,62118
458,467,92398,61055
459,468,92399,58570
460,469,92401,23043
461,470,92404,42051
462,471,92405,38762
463,472,92407,56819
464,473,92408,38949
465,474,92410,27383
466,475,92411,37266
467,476,92501,55192
468,477,92503,62998
469,478,92504,60211
470,479,92505,62232
471,480,92506,87190
472,481,92507,44912
473,482,92508,103942
474,483,92509,63719
475,484,92518,67365
476,485,92530,51922
477,486,92532,84173
478,487,92536,55433
479,488,92539,42598
480,489,92543,31447
481,490,92544,46375
482,491,92545,44166
483,492,92548,41332
484,493,92549,64068
485,494,92553,48329
486,495,92555,81104
487,496,92557,67121
488,497,92561,80964
489,498,92562,81500
490,499,92563,86580
491,500,92567,61023
492,501,92570,47696
493,502,92571,56921
494,503,92582,61667
495,504,92583,41169
496,505,92584,85527
497,506,92585,65188
498,507,92586,36887
499,508,92587,71838
500,509,92590,69643
501,510,92591,77234
502,511,92592,99049
503,512,92595,69805
504,513,92596,97713
505,514,92602,103367
506,515,92603,120915
507,516,92604,97901
508,517,92606,92554
509,518,92610,128050
510,519,92612,75556
511,520,92614,93410
512,521,92617,41361
513,522,92618,103758
514,523,92625,139561
515,524,92626,85662
516,525,92627,64454
517,526,92629,90078
518,527,92630,87059
519,528,92637,40837
520,529,92646,94205
521,530,92647,77761
522,531,92648,91410
523,532,92649,91398
524,533,92651,120302
525,534,92653,101327
526,535,92656,105964
527,536,92657,215000
528,537,92660,118971
529,538,92661,102279
530,539,92662,97591
531,540,92663,102017
532,541,92672,77733
533,542,92673,144331
534,543,92675,82532
535,544,92676,100282
536,545,92677,98743
537,546,92678,81354
538,547,92679,153053
539,548,92683,57546
540,549,92688,103215
541,550,92691,106581
542,551,92692,108252
543,552,92694,154384
544,553,92701,41934
545,554,92703,52970
546,555,92704,63056
547,556,92705,94194
548,557,92706,58648
549,558,92707,65919
550,559,92708,85536
551,560,92780,67057
552,561,92782,106125
553,562,92801,54476
554,563,92802,54414
555,564,92804,55736
556,565,92805,59934
557,566,92806,66372
558,567,92807,104530
559,568,92808,121250
560,569,92821,86070
561,570,92823,138831
562,571,92831,64218
563,572,92832,61493
564,573,92833,73162
565,574,92835,98415
566,575,92840,64782
567,576,92841,57763
568,577,92843,56274
569,578,92844,56836
570,579,92845,98074
571,580,92860,92199
572,581,92861,143077
573,582,92865,97871
574,583,92866,70814
575,584,92867,87388
576,585,92868,62856
577,586,92869,96417
578,587,92870,88610
579,588,92879,61783
580,589,92880,100175
581,590,92881,94498
582,591,92882,70235
583,592,92883,99231
584,593,92886,119528
585,594,92887,133542
586,595,93001,62407
587,596,93003,74012
588,597,93004,80726
589,598,93010,90260
590,599,93012,102756
591,600,93013,72791
592,601,93015,62819
593,602,93021,101627
594,603,93022,73015
595,604,93023,71661
596,605,93030,64552
597,606,93033,57829
598,607,93035,85363
599,608,93036,65374
600,609,93040,48750
601,610,93041,62032
602,611,93060,56478
603,612,93063,86667
604,613,93065,97485
605,614,93066,92417
606,615,93067,64904
607,616,93101,54360
608,617,93103,83342
609,618,93105,88671
610,619,93108,134667
611,620,93109,97759
612,621,93110,81375
613,622,93111,107577
614,623,93117,61892
615,624,93202,47753
616,625,93203,37191
617,626,93204,34638
618,627,93205,23684
619,628,93206,36224
620,629,93210,53976
621,630,93212,36875
622,631,93215,39032
623,632,93218,26964
624,633,93219,27941
625,634,93221,51408
626,635,93222,60833
627,636,93223,37571
628,637,93225,40296
629,638,93226,64286
630,639,93230,54697
631,640,93234,25461
632,641,93235,29898
633,642,93238,62963
634,643,93239,54830
635,644,93240,35783
636,645,93241,35872
637,646,93243,38750
638,647,93245,54508
639,648,93247,33507
640,649,93249,34464
641,650,93250,35738
642,651,93252,33611
643,652,93254,44886
644,653,93256,29173
645,654,93257,39645
646,655,93261,25169
647,656,93263,41173
648,657,93265,59556
649,658,93267,31959
650,659,93268,45128
651,660,93270,38322
652,661,93271,63424
653,662,93272,33995
654,663,93274,49209
655,664,93277,55680
656,665,93280,36565
657,666,93283,31071
658,667,93285,43846
659,668,93286,41070
660,669,93291,51054
661,670,93292,51556
662,671,93301,35561
663,672,93305,31608
664,673,93306,52512
665,674,93307,36886
666,675,93308,44410
667,676,93309,48742
668,677,93311,92188
669,678,93312,94308
670,679,93313,72169
671,680,93314,105414
672,681,93401,59160
673,682,93402,73158
674,683,93405,44464
675,684,93420,77887
676,685,93422,75169
677,686,93424,78182
678,687,93427,77140
679,688,93428,66731
680,689,93430,61151
681,690,93432,76250
682,691,93433,61482
683,692,93434,44000
684,693,93436,55794
685,694,93437,63364
686,695,93440,65608
687,696,93441,102500
688,697,93442,62806
689,698,93444,79683
690,699,93445,56250
691,700,93446,65486
692,701,93449,77316
693,702,93450,32969
694,703,93451,61521
695,705,93453,50788
696,706,93454,57573
697,707,93455,78007
698,708,93458,49426
699,709,93460,92618
700,710,93461,58214
701,711,93463,76850
702,712,93465,80894
703,713,93501,33768
704,714,93505,45196
705,715,93510,92727
706,716,93513,57500
707,717,93514,55208
708,718,93516,42188
709,719,93517,49034
710,720,93518,32750
711,721,93523,62937
712,722,93526,46591
713,723,93527,71904
714,724,93529,53482
715,725,93531,73889
716,726,93532,57667
717,727,93534,37883
718,728,93535,42978
719,729,93536,72634
720,731,93545,41583
721,732,93546,63848
722,733,93550,39279
723,734,93551,87628
724,735,93552,60612
725,736,93553,58105
726,737,93555,60000
727,738,93560,55526
728,739,93561,63042
729,740,93562,33333
730,741,93591,44487
731,742,93601,56455
732,743,93602,65136
733,744,93604,81036
734,745,93608,34408
735,746,93609,44068
736,747,93610,41234
737,748,93611,84028
738,749,93614,60101
739,750,93615,34737
740,751,93618,41003
741,752,93619,115392
742,753,93620,40738
743,754,93621,53661
744,755,93622,42965
745,756,93625,53793
746,757,93626,83958
747,758,93630,46610
748,759,93631,63884
749,760,93635,46967
750,761,93636,80179
751,762,93638,37682
752,763,93640,27771
753,764,93641,2500
754,765,93643,53889
755,766,93644,49034
756,767,93646,26434
757,768,93647,30987
758,769,93648,31653
759,770,93650,36106
760,771,93651,100952
761,772,93654,44151
762,773,93656,49530
763,774,93657,51209
764,775,93660,28500
765,776,93662,42027
766,777,93664,110833
767,778,93667,64856
768,779,93668,38162
769,780,93669,36667
770,781,93673,37031
771,782,93675,70275
772,783,93701,17371
773,784,93702,25517
774,785,93703,27873
775,786,93704,55918
776,787,93705,35009
777,788,93706,30176
778,789,93710,47723
779,790,93711,71028
780,791,93720,80223
781,792,93721,25056
782,793,93722,54137
783,794,93723,71861
784,795,93725,41288
785,796,93726,34295
786,797,93727,50781
787,798,93728,34887
788,799,93730,118487
789,800,93901,58092
790,801,93905,45962
791,802,93906,61192
792,803,93907,73226
793,804,93908,127070
794,805,93920,53125
795,806,93921,88065
796,807,93923,92778
797,808,93924,96458
798,809,93925,55729
799,810,93926,52298
800,811,93927,51987
801,813,93930,42614
802,814,93933,61300
803,815,93940,77240
804,816,93950,81000
805,817,93953,130833
806,818,93955,57667
807,819,93960,54775
808,820,93962,90658
809,821,94002,125546
810,822,94005,109632
811,823,94010,135283
812,824,94014,85622
813,825,94015,86940
814,826,94019,119832
815,827,94020,92386
816,828,94022,208984
817,829,94024,220970
818,830,94025,139833
819,831,94028,244671
820,832,94030,109813
821,833,94037,104607
822,834,94038,136328
823,835,94040,120028
824,836,94041,121650
825,837,94043,118355
826,839,94061,99230
827,840,94062,146450
828,841,94063,64720
829,842,94065,160313
830,843,94066,94657
831,844,94070,153291
832,845,94080,92089
833,846,94085,103595
834,847,94086,118576
835,848,94087,137652
836,849,94089,101869
837,850,94102,33552
838,851,94103,49052
839,852,94104,48429
840,853,94105,199364
841,854,94107,143467
842,855,94108,55341
843,856,94109,79979
844,857,94110,109747
845,858,94111,99464
846,859,94112,82692
847,860,94114,143902
848,861,94115,103625
849,862,94116,101746
850,863,94117,132979
851,864,94118,102021
852,865,94121,87001
853,866,94122,102838
854,867,94123,134809
855,868,94124,55823
856,869,94127,151094
857,871,94129,190167
858,872,94130,52143
859,873,94131,119924
860,874,94132,72970
861,875,94133,66422
862,876,94134,71352
863,877,94158,133981
864,878,94301,146488
865,879,94303,98361
866,880,94304,103648
867,881,94305,61173
868,882,94306,125553
869,883,94401,81608
870,884,94402,140186
871,885,94403,112935
872,886,94404,134056
873,887,94501,81626
874,888,94502,122368
875,889,94503,91802
876,890,94505,114886
877,891,94506,186378
878,892,94507,202336
879,893,94508,80795
880,894,94509,58823
881,895,94510,95291
882,896,94511,36167
883,897,94513,96827
884,898,94514,72875
885,899,94515,68603
886,900,94517,140361
887,901,94518,84896
888,902,94520,52082
889,903,94521,94637
890,904,94523,100889
891,905,94526,141761
892,906,94530,96192
893,907,94531,93466
894,908,94533,62612
895,909,94534,105033
896,910,94535,60741
897,911,94536,112587
898,912,94538,101065
899,913,94539,160542
900,914,94541,67819
901,915,94542,103018
902,916,94544,70207
903,0,94545,84579
904,1,94546,85492
905,2,94547,107221
906,3,94549,155225
907,4,94550,114930
908,5,94551,108729
909,6,94552,133321
910,7,94553,89703
911,8,94555,132823
912,9,94556,139904
913,10,94558,83491
914,11,94559,68725
915,12,94560,96817
916,13,94561,88795
917,14,94563,185066
918,15,94564,83534
919,16,94565,62255
920,17,94566,139628
921,18,94568,133769
922,19,94569,142905
923,20,94571,64694
924,21,94572,67175
925,23,94574,83720
926,24,94577,67686
927,25,94578,52419
928,26,94579,78054
929,27,94580,85021
930,28,94582,149859
931,29,94583,137719
932,30,94585,74155
933,31,94587,95625
934,32,94588,136734
935,33,94589,59558
936,34,94590,44689
937,35,94591,78628
938,36,94592,120125
939,37,94595,66638
940,38,94596,88527
941,39,94597,98343
942,40,94598,128299
943,41,94599,71667
944,42,94601,44666
945,43,94602,78347
946,44,94603,49793
947,45,94605,66211
948,46,94606,48421
949,47,94607,41870
950,48,94608,68352
951,49,94609,73765
952,50,94610,87059
953,51,94611,120601
954,52,94612,42880
955,53,94618,133125
956,54,94619,82994
957,55,94621,34566
958,56,94702,77699
959,57,94703,75181
960,58,94704,26758
961,59,94705,116250
962,60,94707,143297
963,61,94709,66028
964,62,94710,62524
965,63,94801,48822
966,64,94803,82788
967,65,94804,51918
968,66,94805,75843
969,67,94806,56605
970,68,94901,85889
971,69,94903,99071
972,70,94904,116469
973,71,94920,159423
974,73,94923,120250
975,74,94924,52375
976,75,94925,134902
977,76,94928,62894
978,77,94930,99803
979,78,94931,73154
980,79,94933,94107
981,80,94938,85250
982,81,94939,99980
983,82,94941,133462
984,83,94945,93765
985,84,94946,108750
986,85,94947,97628
987,86,94949,83164
988,87,94951,95272
989,88,94952,82619
990,89,94956,66289
991,90,94957,243214
992,91,94960,123861
993,92,94963,106170
994,93,94965,101947
995,94,94970,119934
996,95,94971,84737
997,97,94973,93403
998,98,95002,82845
999,99,95003,91500
1000,100,95004,98672
1001,101,95005,76250
1002,102,95008,106536
1003,103,95010,69590
1004,104,95012,54793
1005,105,95014,150529
1006,106,95017,70000
1007,107,95018,96651
1008,108,95019,38854
1009,109,95020,90144
1010,110,95023,82935
1011,111,95030,180222
1012,112,95032,129177
1013,114,95035,110659
1014,115,95037,108554
1015,116,95039,39971
1016,117,95043,73333
1017,118,95045,62589
1018,119,95046,110500
1019,120,95050,84269
1020,121,95051,113021
1021,122,95054,140890
1022,123,95060,65237
1023,124,95062,69472
1024,125,95064,44444
1025,126,95065,91957
1026,127,95066,102924
1027,128,95073,86169
1028,129,95075,70893
1029,130,95076,61211
1030,131,95110,76250
1031,132,95111,66549
1032,133,95112,60569
1033,134,95113,114539
1034,135,95116,56299
1035,136,95117,82279
1036,137,95118,101780
1037,138,95119,120071
1038,139,95120,171908
1039,140,95121,94818
1040,141,95122,66606
1041,142,95123,102599
1042,0,95124,131250
1043,1,95125,114386
1044,2,95126,85489
1045,3,95127,84239
1046,4,95128,80916
1047,5,95129,131976
1048,6,95130,106477
1049,7,95131,114675
1050,8,95132,102868
1051,9,95133,79043
1052,10,95134,132891
1053,11,95135,137067
1054,12,95136,98340
1055,13,95138,159311
1056,14,95139,125855
1057,16,95148,120088
1058,17,95202,14549
1059,18,95203,41218
1060,19,95204,44953
1061,20,95205,33915
1062,21,95206,45342
1063,22,95207,41307
1064,23,95209,74645
1065,24,95210,40426
1066,25,95212,82260
1067,26,95215,45441
1068,27,95219,81049
1069,28,95220,65682
1070,29,95222,51308
1071,30,95223,57083
1072,31,95224,19000
1073,32,95227,88750
1074,33,95228,76354
1075,34,95230,82995
1076,35,95231,40172
1077,37,95236,70809
1078,38,95237,53646
1079,39,95240,44499
1080,40,95242,66626
1081,41,95245,52829
1082,42,95246,37917
1083,43,95247,47235
1084,44,95248,30903
1085,45,95249,37034
1086,46,95252,68023
1087,47,95255,33669
1088,48,95258,85047
1089,49,95301,54434
1090,50,95303,51364
1091,51,95304,85035
1092,53,95306,44805
1093,54,95307,51918
1094,55,95310,38320
1095,56,95311,46333
1096,57,95313,45769
1097,58,95315,49651
1098,59,95316,69750
1099,60,95318,86250
1100,61,95319,28861
1101,62,95320,63873
1102,63,95321,47781
1103,64,95322,42358
1104,65,95323,62125
1105,66,95324,57870
1106,67,95326,59515
1107,68,95327,53389
1108,69,95328,46164
1109,70,95329,54247
1110,71,95330,72398
1111,72,95333,47383
1112,73,95334,53515
1113,74,95335,38553
1114,75,95336,61881
1115,76,95337,78064
1116,77,95338,52725
1117,78,95340,51275
1118,79,95341,34315
1119,80,95346,51481
1120,81,95348,42651
1121,82,95350,46765
1122,83,95351,38954
1123,84,95354,45417
1124,85,95355,61570
1125,86,95356,67415
1126,87,95357,60071
1127,88,95358,55422
1128,89,95360,53471
1129,90,95361,59827
1130,91,95363,62445
1131,93,95366,81570
1132,94,95367,64756
1133,95,95368,72348
1134,96,95369,47426
1135,97,95370,55086
1136,98,95374,44667
1137,99,95376,70501
1138,100,95377,99411
1139,101,95379,61801
1140,102,95380,42786
1141,103,95382,67416
1142,104,95383,53929
1143,105,95385,52708
1144,106,95386,54386
1145,107,95387,35708
1146,108,95388,42740
1147,109,95389,65096
1148,110,95403,68550
1149,111,95404,72272
1150,112,95405,82274
1151,113,95409,69660
1152,114,95410,39048
1153,115,95415,39044
1154,116,95421,51838
1155,117,95422,27161
1156,118,95423,36292
1157,119,95426,77714
1158,120,95428,35288
1159,121,95432,47955
1160,122,95436,59548
1161,123,95437,46366
1162,124,95441,74688
1163,125,95442,82566
1164,126,95444,59000
1165,127,95445,48880
1166,128,95446,55132
1167,129,95448,78515
1168,130,95449,50000
1169,131,95450,56786
1170,132,95451,51587
1171,133,95452,85993
1172,134,95453,44533
1173,135,95454,32880
1174,136,95456,42292
1175,137,95457,48388
1176,138,95458,31765
1177,139,95461,45800
1178,140,95462,43086
1179,141,95464,41250
1180,142,95465,63036
1181,143,95466,61250
1182,144,95468,51595
1183,145,95470,60428
1184,147,95472,78251
1185,148,95476,72716
1186,149,95482,46462
1187,150,95485,37009
1188,151,95490,42326
1189,152,95492,91077
1190,154,95497,76759
1191,155,95501,40629
1192,156,95503,51412
1193,157,95519,52522
1194,158,95524,70435
1195,159,95525,50401
1196,160,95528,54500
1197,161,95531,41882
1198,162,95536,49185
1199,164,95540,46527
1200,165,95542,31458
1201,166,95543,51477
1202,167,95546,25708
1203,168,95548,32232
1204,169,95551,37155
1205,170,95552,25388
1206,171,95553,26120
1207,172,95554,56944
1208,173,95555,37656
1209,174,95560,52169
1210,175,95562,35061
1211,176,95564,36667
1212,177,95565,40962
1213,178,95567,46053
1214,179,95570,56167
1215,180,95573,37778
1216,181,95585,27656
1217,182,95589,53063
1218,184,95602,67439
1219,185,95603,62738
1220,186,95605,42450
1221,187,95606,51389
1222,188,95607,67000
1223,189,95608,58433
1224,190,95610,54385
1225,191,95612,84000
1226,192,95614,102035
1227,193,95615,57880
1228,194,95616,50000
1229,195,95618,85354
1230,196,95619,60496
1231,197,95620,74053
1232,198,95621,54543
1233,199,95623,62026
1234,200,95625,57786
1235,201,95626,58108
1236,202,95627,61411
1237,203,95628,76063
1238,204,95630,106843
1239,205,95631,76742
1240,206,95632,68795
1241,207,95633,73393
1242,208,95634,50673
1243,209,95640,67647
1244,210,95641,41979
1245,211,95642,53357
1246,212,95645,41607
1247,213,95648,78716
1248,214,95650,88729
1249,215,95651,77759
1250,216,95653,59583
1251,217,95655,78375
1252,218,95658,78790
1253,219,95659,52153
1254,220,95660,41116
1255,221,95661,78119
1256,222,95662,75554
1257,223,95663,102826
1258,224,95665,68388
1259,225,95666,51801
1260,226,95667,61623
1261,227,95669,71307
1262,228,95670,60733
1263,229,95672,95524
1264,230,95673,57715
1265,231,95677,81223
1266,232,95678,65690
1267,233,95683,103476
1268,234,95684,56063
1269,235,95685,60568
1270,236,95687,77222
1271,237,95688,82809
1272,238,95689,60885
1273,239,95690,55404
1274,240,95691,69849
1275,241,95692,69953
1276,242,95693,85205
1277,243,95694,74744
1278,244,95695,59357
1279,245,95698,39706
1280,246,95709,74213
1281,247,95713,60256
1282,248,95714,52778
1283,249,95717,55227
1284,250,95726,58806
1285,252,95742,113718
1286,253,95746,130063
1287,254,95747,100036
1288,255,95757,95316
1289,256,95758,74473
1290,257,95762,127862
1291,258,95765,102030
1292,259,95776,70720
1293,260,95811,43175
1294,261,95814,34017
1295,262,95815,30831
1296,263,95816,61618
1297,264,95817,44130
1298,265,95818,74444
1299,266,95819,100611
1300,267,95820,46083
1301,268,95821,40969
1302,269,95822,50687
1303,270,95823,42182
1304,271,95824,31888
1305,272,95825,36615
1306,273,95826,56772
1307,274,95827,52431
1308,275,95828,47909
1309,276,95829,82601
1310,277,95830,61500
1311,278,95831,70552
1312,279,95832,45126
1313,280,95833,57481
1314,281,95834,57296
1315,282,95835,87794
1316,283,95837,225000
1317,284,95838,41970
1318,285,95841,42133
1319,286,95842,47705
1320,287,95843,71041
1321,288,95864,96643
1322,289,95901,48478
1323,290,95903,41042
1324,291,95912,65512
1325,292,95914,50938
1326,293,95917,55112
1327,294,95918,81696
1328,295,95922,38125
1329,296,95926,42939
1330,297,95928,45967
1331,298,95932,53342
1332,299,95936,20139
1333,300,95937,50552
1334,301,95938,77206
1335,302,95939,37500
1336,303,95942,38224
1337,304,95945,44312
1338,305,95946,63036
1339,306,95947,39189
1340,307,95948,46058
1341,308,95949,61269
1342,309,95951,45795
1343,310,95953,53278
1344,311,95954,46287
1345,312,95956,67566
1346,313,95957,53750
1347,314,95959,62906
1348,315,95960,33500
1349,316,95961,51803
1350,318,95963,44380
1351,319,95965,36250
1352,320,95966,42529
1353,321,95969,48311
1354,322,95971,49150
1355,323,95973,63029
1356,324,95979,38056
1357,325,95982,82500
1358,326,95983,78229
1359,327,95987,58920
1360,328,95988,51390
1361,329,95991,44721
1362,330,95993,64773
1363,331,96001,48125
1364,332,96002,46229
1365,333,96003,48934
1366,334,96006,51667
1367,335,96007,41360
1368,336,96008,54600
1369,337,96009,65625
1370,338,96013,39104
1371,339,96019,49911
1372,340,96020,47941
1373,341,96021,43336
1374,342,96022,52049
1375,343,96023,31420
1376,344,96024,40938
1377,345,96025,37361
1378,346,96027,51115
1379,347,96028,38548
1380,348,96032,45143
1381,349,96033,37750
1382,350,96039,33092
1383,351,96041,30804
1384,352,96051,40375
1385,353,96052,34390
1386,354,96055,44073
1387,355,96056,55757
1388,356,96057,47531
1389,357,96059,36597
1390,358,96064,45399
1391,359,96065,43750
1392,360,96067,39275
1393,361,96073,79940
1394,362,96080,38740
1395,363,96084,48750
1396,364,96087,33836
1397,365,96088,46553
1398,366,96091,51429
1399,367,96092,40948
1400,368,96093,40718
1401,369,96094,51726
1402,370,96097,35443
1403,371,96101,36450
1404,372,96103,57450
1405,373,96104,50469
1406,374,96105,45959
1407,375,96106,84107
1408,376,96107,56719
1409,377,96109,39653
1410,378,96114,75250
1411,379,96118,43695
1412,380,96120,62132
1413,381,96122,44883
1414,382,96125,159167
1415,384,96130,54702
1416,385,96134,39412
1417,386,96137,51964
1418,387,96140,51100
1419,388,96141,54083
1420,389,96143,47575
1421,390,96145,71576
1422,391,96146,73105
1423,392,96148,70833
1424,393,96150,53060
1425,395,96161,89091
1426,396,96701,91646
1427,397,96704,51483
1428,398,96705,75938
1429,399,96706,98248
1430,400,96707,99946
1431,401,96708,81919
1432,402,96710,44167
1433,403,96712,79459
1434,404,96713,53500
1435,405,96714,35893
1436,406,96716,79531
1437,407,96717,77188
1438,408,96719,65670
1439,409,96720,56924
1440,410,96722,73567
1441,411,96725,63125
1442,412,96726,68942
1443,413,96727,60462
1444,414,96728,67679
1445,415,96730,64583
1446,416,96731,82697
1447,417,96732,75584
1448,418,96734,103185
1449,419,96737,33333
1450,420,96740,71815
1451,421,96741,84037
1452,422,96743,73970
1453,423,96744,100311
1454,424,96746,70589
1455,425,96747,64063
1456,426,96748,43833
1457,427,96749,51848
1458,428,96750,62413
1459,429,96752,66134
1460,430,96753,70985
1461,431,96754,83000
1462,432,96755,70058
1463,433,96756,68026
1464,434,96757,38281
1465,436,96760,50329
1466,437,96761,73975
1467,438,96762,96944
1468,439,96763,48750
1469,440,96765,72321
1470,441,96766,71765
1471,442,96768,74325
1472,443,96771,35546
1473,444,96772,46313
1474,445,96776,49688
1475,446,96777,56250
1476,447,96778,33820
1477,448,96779,86250
1478,449,96780,31300
1479,450,96781,45833
1480,451,96782,84931
1481,452,96783,44671
1482,453,96785,30172
1483,454,96786,59284
1484,455,96789,96551
1485,456,96790,79693
1486,457,96791,78958
1487,458,96792,62318
1488,459,96793,74709
1489,460,96795,78603
1490,461,96796,60625
1491,462,96797,88573
1492,463,96813,70110
1493,464,96814,61264
1494,465,96815,60331
1495,466,96816,82742
1496,467,96817,58055
1497,468,96818,74841
1498,469,96819,77389
1499,470,96821,129713
1500,471,96822,69223
1501,472,96825,112713
1502,478,97002,74138
1503,479,97004,76250
1504,480,97005,44723
1505,481,97006,69553
1506,482,97007,80039
1507,483,97008,62028
1508,484,97009,68580
1509,486,97013,70162
1510,487,97014,45795
1511,488,97015,67873
1512,489,97016,52159
1513,490,97017,83625
1514,491,97019,61827
1515,492,97020,63875
1516,493,97021,51333
1517,494,97022,57052
1518,495,97023,68750
1519,496,97024,56781
1520,497,97027,57400
1521,498,97028,103500
1522,499,97029,49063
1523,500,97030,47374
1524,501,97031,57655
1525,502,97032,53906
1526,503,97034,118566
1527,504,97035,85916
1528,505,97037,43631
1529,506,97038,59529
1530,507,97041,75951
1531,508,97042,71250
1532,509,97045,73618
1533,510,97048,52404
1534,511,97049,61750
1535,512,97051,51168
1536,513,97053,63264
1537,514,97055,67601
1538,515,97056,68132
1539,516,97058,48303
1540,517,97060,62740
1541,518,97062,73282
1542,519,97063,41429
1543,520,97064,52250
1544,521,97067,55918
1545,522,97068,100210
1546,523,97070,68434
1547,524,97071,49129
1548,525,97080,69847
1549,526,97086,84531
1550,527,97089,90784
1551,528,97101,52744
1552,529,97103,50977
1553,530,97106,100301
1554,531,97107,51000
1555,532,97110,41250
1556,533,97111,71295
1557,534,97112,44855
1558,535,97113,61212
1559,536,97114,59604
1560,537,97115,75383
1561,538,97116,56557
1562,539,97117,81750
1563,540,97118,37875
1564,541,97119,71219
1565,542,97121,72969
1566,543,97122,38810
1567,544,97123,71397
1568,545,97124,84009
1569,546,97127,57188
1570,547,97128,52288
1571,548,97130,53542
1572,549,97131,51328
1573,550,97132,63420
1574,551,97133,84904
1575,552,97134,61322
1576,553,97135,25899
1577,554,97138,43240
1578,555,97140,96079
1579,556,97141,46081
1580,557,97146,51023
1581,558,97147,38750
1582,559,97148,71076
1583,560,97149,48628
1584,561,97201,50420
1585,562,97202,66017
1586,563,97203,55174
1587,565,97205,32276
1588,566,97206,59622
1589,567,97209,54747
1590,568,97210,88947
1591,569,97211,73312
1592,570,97212,94192
1593,571,97213,67882
1594,572,97214,60754
1595,573,97215,76178
1596,574,97216,41809
1597,575,97217,70027
1598,576,97218,58853
1599,577,97219,89745
1600,578,97220,47284
1601,579,97221,98919
1602,580,97222,55031
1603,581,97223,74787
1604,582,97224,68133
1605,583,97225,77012
1606,584,97227,51050
1607,585,97229,108861
1608,586,97230,49423
1609,587,97231,95625
1610,588,97232,56060
1611,589,97233,39240
1612,590,97236,42109
1613,591,97239,85481
1614,592,97266,43815
1615,593,97267,67272
1616,594,97301,39283
1617,595,97302,60152
1618,596,97303,60198
1619,597,97304,65006
1620,598,97305,47713
1621,599,97306,63638
1622,600,97317,57613
1623,601,97321,67400
1624,602,97322,47601
1625,603,97324,53854
1626,604,97325,51003
1627,605,97327,50972
1628,606,97330,49419
1629,608,97333,50000
1630,609,97338,58798
1631,610,97341,43750
1632,611,97342,24630
1633,612,97344,42700
1634,613,97346,49688
1635,614,97347,44428
1636,615,97348,56000
1637,616,97351,47397
1638,617,97352,54375
1639,618,97355,45620
1640,619,97358,62911
1641,620,97360,44129
1642,621,97361,40754
1643,622,97362,52292
1644,623,97365,42119
1645,624,97366,49583
1646,625,97367,38028
1647,626,97368,38013
1648,627,97369,52000
1649,628,97370,65714
1650,629,97371,77109
1651,630,97374,65682
1652,631,97376,50724
1653,632,97378,54869
1654,633,97380,42857
1655,634,97381,65885
1656,635,97383,51788
1657,636,97385,63143
1658,637,97386,43134
1659,638,97388,56211
1660,639,97389,52500
1661,640,97391,49698
1662,641,97392,68889
1663,642,97394,41789
1664,643,97396,51429
1665,644,97401,34377
1666,645,97402,43432
1667,646,97403,42083
1668,647,97404,57695
1669,648,97405,64136
1670,649,97408,61064
1671,650,97410,61125
1672,651,97411,35181
1673,652,97413,40662
1674,653,97415,42377
1675,654,97416,50867
1676,655,97417,35482
1677,656,97420,42560
1678,657,97423,35169
1679,658,97424,41350
1680,659,97431,59559
1681,660,97435,43388
1682,661,97436,58500
1683,662,97439,38757
1684,663,97442,33214
1685,664,97443,52500
1686,665,97444,47683
1687,666,97446,52593
1688,667,97447,26899
1689,668,97448,50934
1690,669,97449,37500
1691,670,97450,45481
1692,671,97451,101071
1693,672,97452,60048
1694,673,97453,45750
1695,674,97454,77115
1696,675,97455,77250
1697,676,97456,54022
1698,677,97457,43863
1699,678,97458,34850
1700,679,97459,48630
1701,680,97462,46186
1702,681,97463,38278
1703,682,97465,32200
1704,683,97466,25875
1705,684,97467,34581
1706,685,97469,44196
1707,686,97470,43166
1708,687,97471,51039
1709,688,97477,40322
1710,689,97478,52379
1711,690,97479,39250
1712,691,97481,59375
1713,693,97487,48190
1714,694,97488,52250
1715,695,97489,69205
1716,696,97495,75893
1717,697,97496,39910
1718,698,97497,33143
1719,699,97498,41625
1720,700,97499,39550
1721,701,97501,39954
1722,702,97502,52106
1723,703,97503,51004
1724,704,97504,52421
1725,705,97520,51476
1726,706,97523,32580
1727,707,97524,61605
1728,708,97525,48092
1729,709,97526,41925
1730,710,97527,41982
1731,711,97530,60284
1732,712,97532,62148
1733,713,97534,35492
1734,714,97535,41399
1735,715,97536,30208
1736,716,97537,42374
1737,717,97538,34441
1738,718,97539,32258
1739,719,97541,38750
1740,720,97543,33611
1741,0,97544,34441
1742,1,97601,38798
1743,2,97622,42663
1744,3,97623,42448
1745,4,97624,45239
1746,5,97627,47125
1747,6,97630,37543
1748,7,97632,40536
1749,8,97633,42611
1750,9,97636,43542
1751,10,97638,55417
1752,11,97641,25731
1753,12,97701,60983
1754,13,97702,63443
1755,14,97707,45592
1756,15,97720,38262
1757,16,97730,76875
1758,17,97733,31818
1759,18,97734,56078
1760,19,97737,38831
1761,20,97738,49917
1762,21,97739,40828
1763,22,97741,45059
1764,23,97750,36250
1765,24,97753,90173
1766,25,97754,37236
1767,26,97756,54488
1768,27,97759,67167
1769,28,97760,59970
1770,29,97761,41058
1771,30,97801,49650
1772,31,97812,54250
1773,32,97813,63571
1774,33,97814,44464
1775,34,97818,49787
1776,35,97820,46111
1777,36,97823,36719
1778,37,97824,54022
1779,38,97825,50972
1780,39,97826,39886
1781,40,97827,46397
1782,41,97828,47694
1783,42,97830,32125
1784,43,97833,44643
1785,44,97834,39856
1786,45,97836,55927
1787,46,97838,52740
1788,47,97844,55720
1789,48,97845,52057
1790,49,97846,49556
1791,50,97850,44561
1792,51,97862,46297
1793,52,97865,37285
1794,53,97867,35000
1795,54,97869,41667
1796,55,97870,39769
1797,56,97875,56442
1798,57,97877,11538
1799,58,97880,37917
1800,59,97882,38938
1801,60,97883,46250
1802,61,97885,36845
1803,62,97886,61563
1804,63,97907,43438
1805,64,97910,40313
1806,65,97913,43229
1807,66,97914,35599
1808,67,97918,38000
1809,68,98001,77083
1810,69,98002,51086
1811,70,98003,53023
1812,71,98004,117321
1813,72,98005,101134
1814,73,98006,126601
1815,74,98007,87207
1816,75,98008,95783
1817,76,98010,90233
1818,77,98011,86490
1819,78,98012,93267
1820,79,98014,99769
1821,80,98019,120371
1822,81,98020,89775
1823,82,98021,110346
1824,83,98022,65296
1825,84,98023,75824
1826,85,98024,129053
1827,86,98026,83965
1828,87,98027,108565
1829,88,98028,96277
1830,89,98029,112833
1831,90,98030,58666
1832,91,98031,73688
1833,92,98032,51696
1834,93,98033,117653
1835,94,98034,93520
1836,95,98037,68715
1837,96,98038,99098
1838,97,98040,136644
1839,98,98042,94770
1840,99,98043,69727
1841,100,98045,101078
1842,101,98047,54022
1843,102,98050,134880
1844,103,98052,117303
1845,104,98053,123548
1846,105,98055,68638
1847,106,98057,44291
1848,107,98058,85717
1849,108,98059,97407
1850,109,98065,133481
1851,110,98068,102500
1852,111,98070,77724
1853,112,98072,110302
1854,113,98074,160618
1855,114,98075,163409
1856,115,98077,144193
1857,116,98087,73739
1858,117,98092,81211
1859,119,98102,83403
1860,120,98103,91740
1861,121,98104,37610
1862,122,98105,56015
1863,123,98106,62726
1864,124,98107,83581
1865,125,98108,55314
1866,126,98109,95719
1867,127,98110,109341
1868,128,98112,110051
1869,129,98115,100794
1870,130,98116,100711
1871,131,98117,102519
1872,132,98118,62504
1873,133,98119,85171
1874,134,98121,94813
1875,135,98122,72018
1876,136,98125,61014
1877,137,98126,73698
1878,138,98133,60409
1879,139,98134,58125
1880,140,98136,97673
1881,141,98144,71628
1882,142,98146,61160
1883,143,98148,53342
1884,144,98155,81405
1885,145,98164,250000
1886,146,98166,76658
1887,147,98168,53992
1888,148,98177,100036
1889,149,98178,72478
1890,150,98188,50231
1891,151,98198,59843
1892,152,98199,103309
1893,154,98203,66950
1894,155,98204,48881
1895,156,98208,82957
1896,157,98220,51250
1897,158,98221,65026
1898,159,98223,76555
1899,160,98225,41536
1900,161,98226,61658
1901,162,98229,60197
1902,163,98230,64164
1903,164,98232,71875
1904,165,98233,56875
1905,166,98235,23125
1906,167,98236,67594
1907,168,98237,52235
1908,170,98239,64412
1909,171,98240,67989
1910,172,98241,46591
1911,173,98243,97885
1912,174,98244,60464
1913,175,98245,48396
1914,176,98247,58036
1915,177,98248,65514
1916,178,98249,59935
1917,179,98250,64601
1918,180,98251,70156
1919,181,98252,78000
1920,182,98253,60132
1921,183,98256,56667
1922,184,98257,58750
1923,185,98258,86012
1924,186,98260,63613
1925,187,98261,59643
1926,188,98262,60192
1927,189,98264,62810
1928,190,98266,38382
1929,191,98267,12034
1930,192,98270,73803
1931,193,98271,72732
1932,194,98272,85029
1933,195,98273,53439
1934,196,98274,65495
1935,197,98275,100450
1936,198,98277,54690
1937,199,98279,52212
1938,200,98280,62083
1939,201,98281,46298
1940,202,98282,74221
1941,204,98284,57089
1942,205,98288,38906
1943,206,98290,86696
1944,207,98292,77163
1945,208,98294,63370
1946,209,98295,52381
1947,210,98296,119044
1948,211,98303,65938
1949,212,98304,53250
1950,0,98311,72840
1951,1,98320,45357
1952,2,98321,80077
1953,3,98323,71354
1954,4,98325,54697
1955,5,98326,36950
1956,6,98327,78326
1957,7,98328,62768
1958,8,98329,79253
1959,10,98331,38359
1960,11,98332,97618
1961,12,98335,87522
1962,13,98337,38945
1963,14,98338,73715
1964,15,98339,47250
1965,16,98340,57271
1966,17,98342,72125
1967,18,98345,60714
1968,19,98346,79577
1969,20,98349,56265
1970,21,98350,36250
1971,22,98354,71760
1972,23,98355,26921
1973,24,98356,38860
1974,25,98357,37857
1975,26,98358,64159
1976,27,98359,76364
1977,28,98361,35313
1978,29,98362,46872
1979,30,98363,54059
1980,32,98365,55515
1981,33,98366,60109
1982,34,98367,77114
1983,35,98368,52410
1984,36,98370,76055
1985,37,98371,66423
1986,38,98372,69865
1987,39,98373,68333
1988,40,98374,78936
1989,41,98375,78176
1990,42,98376,49032
1991,43,98377,41984
1992,44,98380,83783
1993,45,98382,48660
1994,46,98383,73385
1995,47,98385,60000
1996,48,98387,65985
1997,49,98388,70523
1998,50,98390,60022
1999,51,98391,92384
2000,52,98392,59563
2001,53,98396,65313
2002,54,98402,45797
2003,55,98403,56012
2004,56,98404,49047
2005,57,98405,48411
2006,58,98407,71059
2007,59,98408,50768
2008,60,98409,49464
2009,61,98418,45262
2010,63,98422,90180
2011,64,98424,61607
2012,65,98433,44409
2013,67,98439,35179
2014,68,98443,75270
2015,70,98445,61647
2016,71,98446,66646
2017,72,98465,55544
2018,73,98466,57200
2019,74,98467,61351
2020,75,98498,60723
2021,76,98499,39955
2022,77,98501,67664
2023,78,98502,62689
2024,79,98503,61336
2025,80,98512,71170
2026,81,98513,72521
2027,82,98516,74767
2028,83,98520,44645
2029,84,98524,66902
2030,85,98526,43500
2031,86,98528,57520
2032,87,98531,41613
2033,88,98532,55257
2034,90,98541,47813
2035,91,98542,56667
2036,92,98547,32083
2037,93,98550,43012
2038,95,98557,55643
2039,96,98558,83802
2040,97,98563,63567
2041,98,98564,46458
2042,99,98565,56800
2043,100,98568,50000
2044,101,98569,41431
2045,102,98570,53675
2046,103,98571,70873
2047,104,98572,57232
2048,105,98576,56128
2049,106,98577,46208
2050,107,98579,68817
2051,108,98580,60972
2052,109,98584,51183
2053,110,98585,71477
2054,111,98586,37292
2055,112,98587,33250
2056,113,98589,58750
2057,114,98591,46310
2058,115,98592,59079
2059,116,98593,45000
2060,117,98595,39679
2061,118,98596,45495
2062,119,98597,58099
2063,0,98601,61071
2064,1,98604,76193
2065,2,98605,53864
2066,3,98607,96842
2067,4,98610,38615
2068,5,98611,60854
2069,6,98612,50175
2070,9,98620,42318
2071,10,98624,38269
2072,11,98625,71410
2073,12,98626,49632
2074,13,98628,33625
2075,14,98629,85722
2076,15,98631,36369
2077,16,98632,42144
2078,17,98635,45711
2079,18,98638,56667
2080,19,98640,33724
2081,20,98642,93360
2082,21,98644,29934
2083,22,98647,19297
2084,23,98648,49894
2085,24,98649,56944
2086,25,98650,62381
2087,26,98651,66250
2088,27,98661,48354
2089,28,98663,54943
2090,29,98664,57330
2091,30,98665,59891
2092,31,98671,78307
2093,32,98672,60981
2094,33,98674,67929
2095,34,98675,70015
2096,35,98682,67569
2097,36,98683,66733
2098,37,98684,63653
2099,38,98685,89463
2100,39,98686,78411
2101,40,98801,55353
2102,41,98802,61895
2103,42,98812,41188
2104,43,98813,44030
2105,44,98815,60952
2106,45,98816,49792
2107,46,98819,31250
2108,47,98822,42284
2109,48,98823,61636
2110,49,98824,42500
2111,50,98826,51942
2112,51,98831,68670
2113,52,98837,51977
2114,53,98840,38393
2115,54,98841,47938
2116,55,98843,52292
2117,56,98844,39915
2118,57,98846,42330
2119,58,98848,55563
2120,59,98849,50274
2121,60,98850,47457
2122,61,98851,40116
2123,62,98855,40796
2124,63,98856,36229
2125,64,98857,44375
2126,65,98858,43565
2127,66,98862,65603
2128,67,98901,38579
2129,68,98902,41432
2130,69,98903,47215
2131,70,98908,58801
2132,71,98922,53806
2133,72,98923,52803
2134,73,98925,63421
2135,74,98926,51473
2136,75,98930,46188
2137,76,98932,47302
2138,77,98933,51442
2139,78,98934,44167
2140,79,98936,56769
2141,80,98937,55870
2142,81,98940,61484
2143,82,98941,54853
2144,83,98942,60100
2145,84,98943,59911
2146,85,98944,43434
2147,86,98947,49697
2148,87,98948,43106
2149,88,98951,44729
2150,89,98952,45139
2151,90,98953,65614
2152,91,99001,44674
2153,92,99003,70884
2154,93,99004,45410
2155,94,99005,92247
2156,95,99006,60509
2157,96,99011,65220
2158,97,99016,58454
2159,98,99019,75027
2160,99,99021,63791
2161,100,99022,57349
2162,101,99026,69555
2163,102,99027,63098
2164,103,99029,62031
2165,104,99030,63796
2166,105,99031,48500
2167,106,99032,35924
2168,107,99033,53250
2169,108,99037,58065
2170,109,99109,40678
2171,110,99110,31458
2172,111,99111,52792
2173,112,99114,44658
2174,113,99115,57813
2175,114,99116,52917
2176,115,99117,42500
2177,116,99118,42578
2178,117,99122,53452
2179,118,99123,60208
2180,119,99133,41602
2181,120,99134,37188
2182,121,99137,48611
2183,122,99139,51250
2184,123,99141,50078
2185,124,99148,56339
2186,125,99153,38563
2187,126,99156,49084
2188,127,99157,26875
2189,128,99159,52130
2190,129,99161,59926
2191,130,99163,32721
2192,131,99166,41512
2193,132,99169,44792
2194,133,99170,43854
2195,134,99171,47750
2196,135,99173,33239
2197,136,99180,42115
2198,137,99185,45833
2199,138,99201,26685
2200,139,99202,34240
2201,140,99203,73363
2202,141,99204,32483
2203,142,99205,46763
2204,143,99206,55632
2205,144,99207,35714
2206,145,99208,59375
2207,146,99212,48600
2208,147,99216,44139
2209,148,99217,47844
2210,149,99218,45735
2211,150,99223,64966
2212,151,99224,60825
2213,152,99301,61029
2214,153,99320,59184
2215,154,99322,61250
2216,155,99323,71907
2217,156,99324,42708
2218,157,99326,56320
2219,158,99328,46406
2220,159,99336,45263
2221,160,99337,71595
2222,161,99338,104630
2223,162,99341,54306
2224,163,99343,59968
2225,164,99344,49308
2226,165,99349,53975
2227,166,99350,56713
2228,167,99352,73901
2229,168,99353,86651
2230,169,99354,66031
2231,170,99357,46938
2232,171,99360,82344
2233,172,99361,60588
2234,173,99362,52537
2235,174,99403,47023
2236,175,99501,58879
2237,176,99502,86349
2238,177,99503,53304
2239,178,99504,77787
2240,179,99507,88992
2241,180,99508,62769
2242,182,99515,101229
2243,183,99517,76522
2244,184,99518,81449
2245,185,99540,103000
2246,186,99556,50913
2247,187,99559,78404
2248,188,99567,103199
2249,189,99572,66801
2250,190,99573,61000
2251,191,99574,92396
2252,192,99576,75563
2253,193,99577,106166
2254,194,99587,108362
2255,195,99603,62196
2256,197,99610,67802
2257,198,99611,60518
2258,199,99613,95167
2259,200,99615,80067
2260,201,99633,68333
2261,202,99639,51190
2262,203,99645,80110
2263,204,99652,63750
2264,205,99654,78559
2265,206,99663,59688
2266,207,99664,73348
2267,208,99669,77382
2268,209,99672,73654
2269,210,99676,59512
2270,211,99683,34844
2271,212,99685,92292
2272,213,99686,93940
2273,214,99688,49125
2274,215,99692,86000
2275,216,99693,49583
2276,217,99701,58275
2277,218,99702,57464
2278,219,99703,54526
2279,220,99705,81045
2280,221,99709,84175
2281,222,99712,86503
2282,223,99714,69706
2283,224,99723,82964
2284,225,99737,75114
2285,226,99743,90750
2286,227,99755,51250
2287,228,99780,57500
2288,229,99801,91743
2289,230,99824,75577
2290,231,99827,70091
2291,232,99829,60625
2292,233,99830,51250
2293,234,99833,63490
2294,235,99835,70765
2295,236,99840,70673
2296,237,99901,67321
2297,238,99921,58047
2298,239,99929,55742
