,STATE,zipcode
3574,AK,99501
3580,AK,99502
3586,AK,99503
3592,AK,99504
3610,AK,99507
3616,AK,99508
3622,AK,99510
3628,AK,99515
3640,AK,99517
3646,AK,99518
3658,AK,99540
3688,AK,99556
3700,AK,99559
3718,AK,99567
3730,AK,99572
3736,AK,99573
3742,AK,99574
3748,AK,99576
3754,AK,99577
3784,AK,99587
3808,AK,99603
3820,AK,99605
3838,AK,99610
3844,AK,99611
3856,AK,99613
3868,AK,99615
3922,AK,99633
3946,AK,99639
3958,AK,99645
3970,AK,99652
3982,AK,99654
4030,AK,99663
4036,AK,99664
4042,AK,99669
4054,AK,99672
4060,AK,99674
4066,AK,99676
4096,AK,99683
4108,AK,99685
4114,AK,99686
4120,AK,99688
4132,AK,99692
4138,AK,99693
4150,AK,99701
4156,AK,99702
4162,AK,99703
4168,AK,99705
4180,AK,99709
4186,AK,99712
4192,AK,99714
4210,AK,99723
4228,AK,99737
4252,AK,99743
4294,AK,99755
4360,AK,99780
4396,AK,99801
4408,AK,99824
4420,AK,99827
4426,AK,99829
4432,AK,99830
4438,AK,99833
4444,AK,99835
4450,AK,99840
4456,AK,99901
4468,AK,99921
4492,AK,99929
9842,CA,90001
9848,CA,90002
9854,CA,90003
9860,CA,90004
9866,CA,90005
9872,CA,90006
9878,CA,90007
9884,CA,90008
9890,CA,90010
9896,CA,90011
9902,CA,90012
9908,CA,90013
9914,CA,90014
9920,CA,90015
9926,CA,90016
9932,CA,90017
9938,CA,90018
9944,CA,90019
9950,CA,90020
9956,CA,90021
9962,CA,90022
9968,CA,90023
9974,CA,90024
9980,CA,90025
9986,CA,90026
9992,CA,90027
9998,CA,90028
10004,CA,90029
10010,CA,90031
10016,CA,90032
10022,CA,90033
10028,CA,90034
10034,CA,90035
10040,CA,90036
10046,CA,90037
10052,CA,90038
10058,CA,90039
10064,CA,90040
10070,CA,90041
10076,CA,90042
10082,CA,90043
10088,CA,90044
10094,CA,90045
10100,CA,90046
10106,CA,90047
10112,CA,90048
10118,CA,90049
10124,CA,90056
10130,CA,90057
10136,CA,90058
10142,CA,90059
10148,CA,90061
10154,CA,90062
10160,CA,90063
10166,CA,90064
10172,CA,90065
10178,CA,90066
10184,CA,90067
10190,CA,90068
10196,CA,90069
10202,CA,90071
10208,CA,90077
10214,CA,90094
10220,CA,90201
10226,CA,90210
10232,CA,90211
10238,CA,90212
10244,CA,90220
10250,CA,90221
10256,CA,90222
10262,CA,90230
10268,CA,90232
10274,CA,90240
10280,CA,90241
10286,CA,90242
10292,CA,90245
10298,CA,90247
10304,CA,90248
10310,CA,90249
10316,CA,90250
10322,CA,90254
10328,CA,90255
10334,CA,90260
10340,CA,90262
10346,CA,90265
10352,CA,90266
10358,CA,90270
10364,CA,90272
10370,CA,90274
10376,CA,90275
10382,CA,90277
10388,CA,90278
10394,CA,90280
10400,CA,90290
10406,CA,90291
10412,CA,90292
10418,CA,90293
10424,CA,90301
10430,CA,90302
10436,CA,90303
10442,CA,90304
10448,CA,90305
10454,CA,90401
10460,CA,90402
10466,CA,90403
10472,CA,90404
10478,CA,90405
10484,CA,90501
10490,CA,90502
10496,CA,90503
10502,CA,90504
10508,CA,90505
10514,CA,90601
10520,CA,90602
10526,CA,90603
10532,CA,90604
10538,CA,90605
10544,CA,90606
10550,CA,90620
10556,CA,90621
10562,CA,90623
10568,CA,90630
10574,CA,90631
10580,CA,90638
10586,CA,90640
10592,CA,90650
10598,CA,90660
10604,CA,90670
10610,CA,90680
10616,CA,90701
10622,CA,90703
10628,CA,90704
10634,CA,90706
10640,CA,90710
10646,CA,90712
10652,CA,90713
10658,CA,90715
10664,CA,90716
10670,CA,90717
10676,CA,90720
10682,CA,90723
10688,CA,90731
10694,CA,90732
10700,CA,90740
10706,CA,90742
10712,CA,90743
10718,CA,90744
10724,CA,90745
10730,CA,90746
10736,CA,90755
10742,CA,90802
10748,CA,90803
10754,CA,90804
10760,CA,90805
10766,CA,90806
10772,CA,90807
10778,CA,90808
10784,CA,90810
10790,CA,90813
10796,CA,90814
10802,CA,90815
10808,CA,91001
10814,CA,91006
10820,CA,91007
10832,CA,91010
10838,CA,91011
10844,CA,91016
10850,CA,91020
10856,CA,91024
10862,CA,91030
10868,CA,91040
10874,CA,91042
10886,CA,91101
10892,CA,91103
10898,CA,91104
10904,CA,91105
10910,CA,91106
10916,CA,91107
10922,CA,91108
10928,CA,91201
10934,CA,91202
10940,CA,91203
10946,CA,91204
10952,CA,91205
10958,CA,91206
10964,CA,91207
10970,CA,91208
10976,CA,91210
10982,CA,91214
10988,CA,91301
10994,CA,91302
11000,CA,91303
11006,CA,91304
11012,CA,91306
11018,CA,91307
11024,CA,91311
11030,CA,91316
11036,CA,91320
11042,CA,91321
11048,CA,91324
11054,CA,91325
11060,CA,91326
11066,CA,91331
11072,CA,91335
11078,CA,91340
11084,CA,91342
11090,CA,91343
11096,CA,91344
11102,CA,91345
11108,CA,91350
11114,CA,91351
11120,CA,91352
11126,CA,91354
11132,CA,91355
11138,CA,91356
11144,CA,91360
11150,CA,91361
11156,CA,91362
11162,CA,91364
11168,CA,91367
11174,CA,91377
11180,CA,91381
11186,CA,91384
11192,CA,91387
11198,CA,91390
11204,CA,91401
11210,CA,91402
11216,CA,91403
11222,CA,91405
11228,CA,91406
11234,CA,91411
11240,CA,91423
11246,CA,91436
11252,CA,91501
11258,CA,91502
11264,CA,91504
11270,CA,91505
11276,CA,91506
11282,CA,91601
11288,CA,91602
11294,CA,91604
11300,CA,91605
11306,CA,91606
11312,CA,91607
11318,CA,91701
11324,CA,91702
11330,CA,91706
11342,CA,91709
11348,CA,91710
11354,CA,91711
11360,CA,91722
11366,CA,91723
11372,CA,91724
11378,CA,91730
11384,CA,91731
11390,CA,91732
11396,CA,91733
11402,CA,91737
11408,CA,91739
11414,CA,91740
11420,CA,91741
11426,CA,91744
11432,CA,91745
11438,CA,91746
11444,CA,91748
11450,CA,91750
11456,CA,91752
11462,CA,91754
11468,CA,91755
11474,CA,91759
11480,CA,91761
11486,CA,91762
11492,CA,91763
11498,CA,91764
11504,CA,91765
11510,CA,91766
11516,CA,91767
11522,CA,91768
11528,CA,91770
11534,CA,91773
11540,CA,91775
11546,CA,91776
11552,CA,91780
11558,CA,91784
11564,CA,91786
11570,CA,91789
11576,CA,91790
11582,CA,91791
11588,CA,91792
11594,CA,91801
11600,CA,91803
11606,CA,91901
11612,CA,91902
11618,CA,91905
11624,CA,91906
11630,CA,91910
11636,CA,91911
11642,CA,91913
11648,CA,91914
11654,CA,91915
11660,CA,91916
11666,CA,91917
11678,CA,91932
11684,CA,91934
11690,CA,91935
11696,CA,91941
11702,CA,91942
11708,CA,91945
11714,CA,91950
11720,CA,91962
11726,CA,91963
11732,CA,91977
11738,CA,91978
11744,CA,91980
11750,CA,92003
11756,CA,92004
11762,CA,92007
11768,CA,92008
11774,CA,92009
11780,CA,92010
11786,CA,92011
11792,CA,92014
11798,CA,92019
11804,CA,92020
11810,CA,92021
11816,CA,92024
11822,CA,92025
11828,CA,92026
11834,CA,92027
11840,CA,92028
11846,CA,92029
11852,CA,92036
11858,CA,92037
11864,CA,92040
11870,CA,92054
11876,CA,92055
11882,CA,92056
11888,CA,92057
11894,CA,92058
11900,CA,92059
11906,CA,92060
11912,CA,92061
11918,CA,92064
11924,CA,92065
11936,CA,92067
11942,CA,92069
11948,CA,92070
11954,CA,92071
11960,CA,92075
11966,CA,92078
11972,CA,92081
11978,CA,92082
11984,CA,92083
11990,CA,92084
11996,CA,92086
12008,CA,92101
12014,CA,92102
12020,CA,92103
12026,CA,92104
12032,CA,92105
12038,CA,92106
12044,CA,92107
12050,CA,92108
12056,CA,92109
12062,CA,92110
12068,CA,92111
12074,CA,92113
12080,CA,92114
12086,CA,92115
12092,CA,92116
12098,CA,92117
12104,CA,92118
12110,CA,92119
12116,CA,92120
12122,CA,92121
12128,CA,92122
12134,CA,92123
12140,CA,92124
12146,CA,92126
12152,CA,92127
12158,CA,92128
12164,CA,92129
12170,CA,92130
12176,CA,92131
12181,CA,92135
12187,CA,92139
12193,CA,92154
12199,CA,92173
12205,CA,92201
12211,CA,92203
12217,CA,92210
12223,CA,92211
12229,CA,92220
12235,CA,92223
12241,CA,92225
12247,CA,92227
12253,CA,92230
12259,CA,92231
12265,CA,92233
12271,CA,92234
12277,CA,92236
12283,CA,92240
12289,CA,92241
12295,CA,92242
12301,CA,92243
12307,CA,92249
12313,CA,92250
12319,CA,92251
12325,CA,92252
12331,CA,92253
12337,CA,92254
12343,CA,92256
12349,CA,92257
12355,CA,92258
12361,CA,92259
12367,CA,92260
12373,CA,92262
12379,CA,92264
12385,CA,92268
12391,CA,92270
12403,CA,92274
12409,CA,92275
12415,CA,92276
12421,CA,92277
12427,CA,92278
12433,CA,92281
12445,CA,92283
12451,CA,92284
12457,CA,92285
12463,CA,92301
12469,CA,92305
12475,CA,92307
12481,CA,92308
12487,CA,92309
12493,CA,92310
12499,CA,92311
12505,CA,92313
12511,CA,92314
12517,CA,92315
12523,CA,92316
12529,CA,92320
12535,CA,92321
12547,CA,92324
12553,CA,92325
12559,CA,92327
12565,CA,92328
12571,CA,92333
12577,CA,92335
12583,CA,92336
12589,CA,92337
12595,CA,92339
12601,CA,92341
12607,CA,92342
12613,CA,92344
12619,CA,92345
12625,CA,92346
12631,CA,92347
12637,CA,92352
12643,CA,92354
12649,CA,92356
12655,CA,92358
12661,CA,92359
12673,CA,92365
12679,CA,92368
12685,CA,92371
12691,CA,92372
12697,CA,92373
12703,CA,92374
12709,CA,92376
12715,CA,92377
12721,CA,92378
12727,CA,92382
12733,CA,92385
12739,CA,92386
12745,CA,92391
12751,CA,92392
12757,CA,92394
12763,CA,92395
12769,CA,92397
12775,CA,92398
12781,CA,92399
12787,CA,92401
12793,CA,92404
12799,CA,92405
12805,CA,92407
12811,CA,92408
12817,CA,92410
12823,CA,92411
12829,CA,92501
12835,CA,92503
12841,CA,92504
12847,CA,92505
12853,CA,92506
12859,CA,92507
12865,CA,92508
12871,CA,92509
12877,CA,92518
12883,CA,92530
12889,CA,92532
12895,CA,92536
12901,CA,92539
12907,CA,92543
12913,CA,92544
12919,CA,92545
12925,CA,92548
12931,CA,92549
12937,CA,92551
12943,CA,92553
12949,CA,92555
12955,CA,92557
12961,CA,92561
12967,CA,92562
12973,CA,92563
12979,CA,92567
12985,CA,92570
12991,CA,92571
12997,CA,92582
13003,CA,92583
13009,CA,92584
13015,CA,92585
13021,CA,92586
13027,CA,92587
13033,CA,92590
13039,CA,92591
13045,CA,92592
13051,CA,92595
13057,CA,92596
13063,CA,92602
13069,CA,92603
13075,CA,92604
13081,CA,92606
13087,CA,92610
13093,CA,92612
13099,CA,92614
13105,CA,92617
13111,CA,92618
13117,CA,92620
13123,CA,92624
13129,CA,92625
13135,CA,92626
13141,CA,92627
13147,CA,92629
13153,CA,92630
13159,CA,92637
13165,CA,92646
13171,CA,92647
13177,CA,92648
13183,CA,92649
13189,CA,92651
13195,CA,92653
13207,CA,92656
13213,CA,92657
13219,CA,92660
13225,CA,92661
13231,CA,92662
13237,CA,92663
13243,CA,92672
13249,CA,92673
13255,CA,92675
13261,CA,92676
13267,CA,92677
13273,CA,92678
13279,CA,92679
13285,CA,92683
13291,CA,92688
13297,CA,92691
13303,CA,92692
13309,CA,92694
13315,CA,92701
13321,CA,92703
13327,CA,92704
13333,CA,92705
13339,CA,92706
13345,CA,92707
13351,CA,92708
13357,CA,92780
13363,CA,92782
13369,CA,92801
13375,CA,92802
13381,CA,92804
13387,CA,92805
13393,CA,92806
13399,CA,92807
13405,CA,92808
13411,CA,92821
13417,CA,92823
13423,CA,92831
13429,CA,92832
13435,CA,92833
13441,CA,92835
13447,CA,92840
13453,CA,92841
13459,CA,92843
13465,CA,92844
13471,CA,92845
13477,CA,92860
13483,CA,92861
13489,CA,92865
13495,CA,92866
13501,CA,92867
13507,CA,92868
13513,CA,92869
13519,CA,92870
13525,CA,92879
13531,CA,92880
13537,CA,92881
13543,CA,92882
13549,CA,92883
13555,CA,92886
13561,CA,92887
13567,CA,93001
13573,CA,93003
13579,CA,93004
13585,CA,93010
13591,CA,93012
13597,CA,93013
13603,CA,93015
13609,CA,93021
13615,CA,93022
13621,CA,93023
13627,CA,93030
13633,CA,93033
13639,CA,93035
13645,CA,93036
13651,CA,93040
13657,CA,93041
13663,CA,93060
13669,CA,93063
13675,CA,93065
13681,CA,93066
13687,CA,93067
13693,CA,93101
13699,CA,93103
13705,CA,93105
13711,CA,93108
13717,CA,93109
13723,CA,93110
13729,CA,93111
13735,CA,93117
13747,CA,93202
13753,CA,93203
13759,CA,93204
13765,CA,93205
13771,CA,93206
13777,CA,93210
13783,CA,93212
13789,CA,93215
13795,CA,93218
13801,CA,93219
13812,CA,93221
13818,CA,93222
13824,CA,93223
13836,CA,93225
13842,CA,93226
13848,CA,93230
13854,CA,93234
13860,CA,93235
13866,CA,93238
13872,CA,93239
13878,CA,93240
13884,CA,93241
13896,CA,93243
13908,CA,93245
13914,CA,93247
13920,CA,93249
13926,CA,93250
13932,CA,93252
13938,CA,93254
13950,CA,93256
13956,CA,93257
13968,CA,93261
13974,CA,93263
13980,CA,93265
13992,CA,93267
13998,CA,93268
14004,CA,93270
14010,CA,93271
14016,CA,93272
14022,CA,93274
14028,CA,93277
14034,CA,93280
14040,CA,93283
14046,CA,93285
14052,CA,93286
14058,CA,93291
14064,CA,93292
14070,CA,93301
14076,CA,93304
14082,CA,93305
14088,CA,93306
14094,CA,93307
14100,CA,93308
14106,CA,93309
14112,CA,93311
14118,CA,93312
14124,CA,93313
14130,CA,93314
14136,CA,93401
14142,CA,93402
14148,CA,93405
14154,CA,93420
14160,CA,93422
14166,CA,93424
14178,CA,93427
14184,CA,93428
14190,CA,93430
14196,CA,93432
14202,CA,93433
14208,CA,93434
14214,CA,93436
14220,CA,93437
14226,CA,93440
14232,CA,93441
14238,CA,93442
14244,CA,93444
14250,CA,93445
14256,CA,93446
14262,CA,93449
14268,CA,93450
14274,CA,93451
14280,CA,93452
14286,CA,93453
14292,CA,93454
14298,CA,93455
14304,CA,93458
14310,CA,93460
14316,CA,93461
14322,CA,93463
14328,CA,93465
14334,CA,93501
14340,CA,93505
14346,CA,93510
14352,CA,93513
14358,CA,93514
14364,CA,93516
14370,CA,93517
14376,CA,93518
14382,CA,93523
14388,CA,93526
14394,CA,93527
14400,CA,93529
14406,CA,93531
14412,CA,93532
14418,CA,93534
14424,CA,93535
14430,CA,93536
14436,CA,93541
14442,CA,93543
14454,CA,93545
14460,CA,93546
14466,CA,93550
14472,CA,93551
14478,CA,93552
14484,CA,93553
14490,CA,93555
14496,CA,93560
14502,CA,93561
14508,CA,93562
14514,CA,93591
14520,CA,93601
14526,CA,93602
14532,CA,93604
14544,CA,93608
14550,CA,93609
14556,CA,93610
14562,CA,93611
14568,CA,93612
14574,CA,93614
14580,CA,93615
14592,CA,93618
14598,CA,93619
14604,CA,93620
14610,CA,93621
14616,CA,93622
14628,CA,93625
14634,CA,93626
14646,CA,93630
14652,CA,93631
14658,CA,93635
14664,CA,93636
14670,CA,93637
14676,CA,93638
14682,CA,93640
14688,CA,93641
14694,CA,93643
14700,CA,93644
14712,CA,93646
14718,CA,93647
14724,CA,93648
14730,CA,93650
14736,CA,93651
14754,CA,93654
14760,CA,93656
14766,CA,93657
14772,CA,93660
14778,CA,93662
14784,CA,93664
14802,CA,93667
14808,CA,93668
14814,CA,93669
14820,CA,93673
14826,CA,93675
14832,CA,93701
14838,CA,93702
14844,CA,93703
14850,CA,93704
14856,CA,93705
14862,CA,93706
14868,CA,93710
14874,CA,93711
14880,CA,93720
14886,CA,93721
14892,CA,93722
14898,CA,93723
14904,CA,93725
14910,CA,93726
14916,CA,93727
14922,CA,93728
14928,CA,93730
14934,CA,93901
14940,CA,93905
14946,CA,93906
14952,CA,93907
14958,CA,93908
14964,CA,93920
14970,CA,93921
14976,CA,93923
14982,CA,93924
14988,CA,93925
14994,CA,93926
15000,CA,93927
15006,CA,93928
15012,CA,93930
15024,CA,93933
15030,CA,93940
15036,CA,93950
15042,CA,93953
15054,CA,93955
15060,CA,93960
15066,CA,93962
15072,CA,94002
15078,CA,94005
15084,CA,94010
15090,CA,94014
15096,CA,94015
15102,CA,94019
15108,CA,94020
15120,CA,94022
15126,CA,94024
15132,CA,94025
15144,CA,94028
15150,CA,94030
15156,CA,94037
15162,CA,94038
15168,CA,94040
15174,CA,94041
15180,CA,94043
15186,CA,94044
15192,CA,94060
15198,CA,94061
15204,CA,94062
15210,CA,94063
15216,CA,94065
15222,CA,94066
15228,CA,94070
15240,CA,94080
15246,CA,94085
15252,CA,94086
15258,CA,94087
15264,CA,94089
15270,CA,94102
15276,CA,94103
15282,CA,94104
15288,CA,94105
15294,CA,94107
15300,CA,94108
15306,CA,94109
15312,CA,94110
15318,CA,94111
15324,CA,94112
15330,CA,94114
15336,CA,94115
15342,CA,94116
15348,CA,94117
15354,CA,94118
15360,CA,94121
15366,CA,94122
15372,CA,94123
15378,CA,94124
15384,CA,94127
15390,CA,94128
15396,CA,94129
15402,CA,94130
15408,CA,94131
15414,CA,94132
15420,CA,94133
15426,CA,94134
15432,CA,94158
15438,CA,94301
15444,CA,94303
15450,CA,94304
15456,CA,94305
15462,CA,94306
15468,CA,94401
15474,CA,94402
15480,CA,94403
15486,CA,94404
15492,CA,94501
15498,CA,94502
15504,CA,94503
15510,CA,94505
15516,CA,94506
15522,CA,94507
15528,CA,94508
15534,CA,94509
15540,CA,94510
15546,CA,94511
15552,CA,94513
15558,CA,94514
15564,CA,94515
15576,CA,94517
15582,CA,94518
15588,CA,94519
15594,CA,94520
15600,CA,94521
15606,CA,94523
15612,CA,94525
15618,CA,94526
15630,CA,94530
15636,CA,94531
15642,CA,94533
15648,CA,94534
15654,CA,94535
15660,CA,94536
15666,CA,94538
15672,CA,94539
15678,CA,94541
15684,CA,94542
15690,CA,94544
15696,CA,94545
15702,CA,94546
15708,CA,94547
15720,CA,94549
15726,CA,94550
15732,CA,94551
15738,CA,94552
15744,CA,94553
15750,CA,94555
15756,CA,94556
15762,CA,94558
15768,CA,94559
15774,CA,94560
15780,CA,94561
15786,CA,94563
15792,CA,94564
15798,CA,94565
15804,CA,94566
15816,CA,94568
15822,CA,94569
15828,CA,94571
15834,CA,94572
15840,CA,94573
15846,CA,94574
15858,CA,94577
15864,CA,94578
15870,CA,94579
15876,CA,94580
15882,CA,94582
15888,CA,94583
15894,CA,94585
15906,CA,94587
15912,CA,94588
15918,CA,94589
15924,CA,94590
15930,CA,94591
15936,CA,94592
15942,CA,94595
15948,CA,94596
15954,CA,94597
15960,CA,94598
15966,CA,94599
15972,CA,94601
15978,CA,94602
15984,CA,94603
15990,CA,94605
15996,CA,94606
16002,CA,94607
16008,CA,94608
16014,CA,94609
16020,CA,94610
16026,CA,94611
16032,CA,94612
16038,CA,94618
16044,CA,94619
16050,CA,94621
16056,CA,94702
16062,CA,94703
16068,CA,94704
16074,CA,94705
16080,CA,94706
16086,CA,94707
16098,CA,94709
16104,CA,94710
16110,CA,94801
16116,CA,94803
16122,CA,94804
16128,CA,94805
16134,CA,94806
16140,CA,94901
16146,CA,94903
16152,CA,94904
16158,CA,94920
16164,CA,94922
16170,CA,94923
16176,CA,94924
16182,CA,94925
16188,CA,94928
16200,CA,94930
16206,CA,94931
16212,CA,94933
16218,CA,94937
16224,CA,94938
16230,CA,94939
16236,CA,94941
16242,CA,94945
16248,CA,94946
16254,CA,94947
16260,CA,94949
16266,CA,94951
16272,CA,94952
16278,CA,94954
16284,CA,94956
16290,CA,94957
16296,CA,94960
16302,CA,94963
16314,CA,94965
16320,CA,94970
16326,CA,94971
16332,CA,94972
16338,CA,94973
16344,CA,95002
16350,CA,95003
16356,CA,95004
16362,CA,95005
16368,CA,95006
16380,CA,95008
16386,CA,95010
16392,CA,95012
16398,CA,95014
16404,CA,95017
16410,CA,95018
16416,CA,95019
16422,CA,95020
16428,CA,95023
16434,CA,95030
16440,CA,95032
16446,CA,95033
16452,CA,95035
16458,CA,95037
16464,CA,95039
16476,CA,95043
16482,CA,95045
16488,CA,95046
16494,CA,95050
16500,CA,95051
16506,CA,95054
16512,CA,95060
16518,CA,95062
16524,CA,95064
16530,CA,95065
16536,CA,95066
16542,CA,95070
16548,CA,95073
16554,CA,95075
16560,CA,95076
16566,CA,95110
16572,CA,95111
16578,CA,95112
16584,CA,95113
16590,CA,95116
16596,CA,95117
16602,CA,95118
16608,CA,95119
16614,CA,95120
16620,CA,95121
16626,CA,95122
16632,CA,95123
16638,CA,95124
16644,CA,95125
16650,CA,95126
16656,CA,95127
16662,CA,95128
16668,CA,95129
16674,CA,95130
16680,CA,95131
16686,CA,95132
16692,CA,95133
16698,CA,95134
16704,CA,95135
16710,CA,95136
16716,CA,95138
16722,CA,95139
16728,CA,95140
16734,CA,95148
16740,CA,95202
16746,CA,95203
16752,CA,95204
16758,CA,95205
16764,CA,95206
16770,CA,95207
16776,CA,95209
16782,CA,95210
16788,CA,95212
16794,CA,95215
16800,CA,95219
16806,CA,95220
16812,CA,95222
16818,CA,95223
16824,CA,95224
16836,CA,95227
16842,CA,95228
16848,CA,95230
16854,CA,95231
16872,CA,95234
16878,CA,95236
16884,CA,95237
16890,CA,95240
16896,CA,95242
16902,CA,95245
16908,CA,95246
16914,CA,95247
16920,CA,95248
16926,CA,95249
16938,CA,95252
16950,CA,95255
16962,CA,95258
16968,CA,95301
16974,CA,95303
16980,CA,95304
16986,CA,95305
16992,CA,95306
16998,CA,95307
17004,CA,95310
17010,CA,95311
17022,CA,95313
17028,CA,95315
17034,CA,95316
17046,CA,95318
17052,CA,95319
17058,CA,95320
17064,CA,95321
17070,CA,95322
17076,CA,95323
17082,CA,95324
17088,CA,95326
17094,CA,95327
17100,CA,95328
17106,CA,95329
17112,CA,95330
17118,CA,95333
17124,CA,95334
17130,CA,95335
17136,CA,95336
17142,CA,95337
17148,CA,95338
17154,CA,95340
17160,CA,95341
17166,CA,95345
17172,CA,95346
17178,CA,95348
17184,CA,95350
17190,CA,95351
17196,CA,95354
17202,CA,95355
17208,CA,95356
17214,CA,95357
17220,CA,95358
17226,CA,95360
17232,CA,95361
17238,CA,95363
17244,CA,95364
17250,CA,95365
17256,CA,95366
17262,CA,95367
17268,CA,95368
17274,CA,95369
17280,CA,95370
17292,CA,95374
17298,CA,95376
17304,CA,95377
17310,CA,95379
17316,CA,95380
17322,CA,95382
17328,CA,95383
17334,CA,95385
17340,CA,95386
17346,CA,95387
17352,CA,95388
17358,CA,95389
17370,CA,95401
17376,CA,95403
17382,CA,95404
17388,CA,95405
17394,CA,95407
17400,CA,95409
17406,CA,95410
17412,CA,95415
17418,CA,95421
17424,CA,95422
17430,CA,95423
17436,CA,95425
17442,CA,95426
17454,CA,95428
17460,CA,95430
17466,CA,95432
17478,CA,95436
17484,CA,95437
17496,CA,95441
17502,CA,95442
17508,CA,95444
17514,CA,95445
17520,CA,95446
17526,CA,95448
17532,CA,95449
17538,CA,95450
17544,CA,95451
17550,CA,95452
17556,CA,95453
17562,CA,95454
17568,CA,95456
17574,CA,95457
17580,CA,95458
17592,CA,95460
17598,CA,95461
17604,CA,95462
17610,CA,95464
17616,CA,95465
17622,CA,95466
17628,CA,95467
17634,CA,95468
17646,CA,95470
17652,CA,95471
17658,CA,95472
17664,CA,95476
17670,CA,95482
17676,CA,95485
17682,CA,95490
17688,CA,95492
17694,CA,95494
17700,CA,95497
17706,CA,95501
17712,CA,95503
17718,CA,95519
17724,CA,95521
17730,CA,95524
17736,CA,95525
17754,CA,95528
17760,CA,95531
17766,CA,95536
17772,CA,95537
17778,CA,95540
17784,CA,95542
17790,CA,95543
17796,CA,95546
17808,CA,95548
17820,CA,95551
17826,CA,95552
17832,CA,95553
17838,CA,95554
17844,CA,95555
17862,CA,95560
17868,CA,95562
17880,CA,95564
17886,CA,95565
17892,CA,95567
17898,CA,95570
17904,CA,95573
17910,CA,95585
17916,CA,95589
17922,CA,95601
17928,CA,95602
17934,CA,95603
17946,CA,95605
17952,CA,95606
17958,CA,95607
17964,CA,95608
17970,CA,95610
17976,CA,95612
17982,CA,95614
17988,CA,95615
17994,CA,95616
18000,CA,95618
18006,CA,95619
18012,CA,95620
18018,CA,95621
18024,CA,95623
18030,CA,95624
18036,CA,95625
18042,CA,95626
18048,CA,95627
18054,CA,95628
18066,CA,95630
18072,CA,95631
18078,CA,95632
18084,CA,95633
18090,CA,95634
18126,CA,95640
18132,CA,95641
18138,CA,95642
18144,CA,95645
18150,CA,95648
18156,CA,95650
18162,CA,95651
18174,CA,95653
18180,CA,95655
18186,CA,95658
18192,CA,95659
18198,CA,95660
18204,CA,95661
18210,CA,95662
18216,CA,95663
18228,CA,95665
18234,CA,95666
18240,CA,95667
18252,CA,95669
18258,CA,95670
18264,CA,95672
18270,CA,95673
18288,CA,95677
18294,CA,95678
18306,CA,95682
18312,CA,95683
18318,CA,95684
18324,CA,95685
18336,CA,95687
18342,CA,95688
18348,CA,95689
18354,CA,95690
18360,CA,95691
18366,CA,95692
18372,CA,95693
18378,CA,95694
18384,CA,95695
18396,CA,95698
18414,CA,95709
18420,CA,95713
18426,CA,95714
18432,CA,95717
18438,CA,95722
18444,CA,95726
18450,CA,95728
18462,CA,95742
18468,CA,95746
18474,CA,95747
18480,CA,95757
18486,CA,95758
18492,CA,95762
18498,CA,95765
18504,CA,95776
18510,CA,95811
18516,CA,95814
18522,CA,95815
18528,CA,95816
18534,CA,95817
18540,CA,95818
18546,CA,95819
18552,CA,95820
18558,CA,95821
18564,CA,95822
18570,CA,95823
18576,CA,95824
18582,CA,95825
18588,CA,95826
18594,CA,95827
18600,CA,95828
18606,CA,95829
18612,CA,95830
18618,CA,95831
18624,CA,95832
18630,CA,95833
18636,CA,95834
18642,CA,95835
18648,CA,95837
18654,CA,95838
18660,CA,95841
18666,CA,95842
18672,CA,95843
18678,CA,95864
18684,CA,95901
18690,CA,95903
18696,CA,95912
18702,CA,95914
18714,CA,95917
18720,CA,95918
18738,CA,95922
18750,CA,95926
18756,CA,95928
18762,CA,95932
18780,CA,95936
18786,CA,95937
18792,CA,95938
18798,CA,95939
18810,CA,95942
18822,CA,95945
18828,CA,95946
18834,CA,95947
18840,CA,95948
18846,CA,95949
18858,CA,95951
18864,CA,95953
18870,CA,95954
18882,CA,95956
18888,CA,95957
18894,CA,95959
18900,CA,95960
18906,CA,95961
18912,CA,95962
18918,CA,95963
18924,CA,95965
18930,CA,95966
18942,CA,95969
18954,CA,95971
18960,CA,95973
18984,CA,95979
18990,CA,95982
18996,CA,95983
19002,CA,95987
19008,CA,95988
19014,CA,95991
19020,CA,95993
19026,CA,96001
19032,CA,96002
19038,CA,96003
19044,CA,96006
19050,CA,96007
19056,CA,96008
19062,CA,96009
19068,CA,96013
19086,CA,96019
19092,CA,96020
19098,CA,96021
19104,CA,96022
19110,CA,96023
19116,CA,96024
19122,CA,96025
19128,CA,96027
19134,CA,96028
19140,CA,96032
19146,CA,96033
19176,CA,96039
19182,CA,96041
19218,CA,96051
19224,CA,96052
19236,CA,96055
19242,CA,96056
19248,CA,96057
19260,CA,96059
19272,CA,96064
19278,CA,96065
19284,CA,96067
19296,CA,96073
19302,CA,96080
19308,CA,96084
19314,CA,96087
19320,CA,96088
19332,CA,96091
19338,CA,96092
19344,CA,96093
19350,CA,96094
19362,CA,96097
19368,CA,96101
19374,CA,96103
19380,CA,96104
19386,CA,96105
19392,CA,96106
19398,CA,96107
19404,CA,96109
19416,CA,96114
19428,CA,96118
19434,CA,96120
19446,CA,96122
19458,CA,96125
19464,CA,96126
19476,CA,96130
19482,CA,96134
19488,CA,96137
19494,CA,96140
19500,CA,96141
19506,CA,96142
19512,CA,96143
19518,CA,96145
19524,CA,96146
19530,CA,96148
19536,CA,96150
19542,CA,96155
19548,CA,96161
34443,HI,96701
34449,HI,96703
34455,HI,96704
34461,HI,96705
34467,HI,96706
34473,HI,96707
34479,HI,96708
34485,HI,96710
34491,HI,96712
34497,HI,96713
34503,HI,96714
34509,HI,96716
34515,HI,96717
34521,HI,96719
34527,HI,96720
34533,HI,96722
34539,HI,96725
34545,HI,96726
34551,HI,96727
34557,HI,96728
34569,HI,96730
34575,HI,96731
34581,HI,96732
34587,HI,96734
34593,HI,96737
34599,HI,96738
34605,HI,96740
34611,HI,96741
34617,HI,96743
34623,HI,96744
34629,HI,96746
34635,HI,96747
34641,HI,96748
34647,HI,96749
34653,HI,96750
34665,HI,96752
34671,HI,96753
34677,HI,96754
34683,HI,96755
34689,HI,96756
34695,HI,96757
34701,HI,96759
34707,HI,96760
34713,HI,96761
34719,HI,96762
34725,HI,96763
34737,HI,96765
34743,HI,96766
34749,HI,96768
34767,HI,96771
34773,HI,96772
34785,HI,96776
34791,HI,96777
34797,HI,96778
34803,HI,96779
34809,HI,96780
34815,HI,96781
34821,HI,96782
34827,HI,96783
34833,HI,96785
34839,HI,96786
34845,HI,96789
34851,HI,96790
34857,HI,96791
34863,HI,96792
34869,HI,96793
34875,HI,96795
34881,HI,96796
34887,HI,96797
34893,HI,96813
34899,HI,96814
34905,HI,96815
34911,HI,96816
34917,HI,96817
34923,HI,96818
34929,HI,96819
34935,HI,96821
34941,HI,96822
34947,HI,96825
34953,HI,96826
34959,HI,96853
34964,HI,96857
34969,HI,96859
34975,HI,96860
129141,OR,97002
129147,OR,97004
129153,OR,97005
129159,OR,97006
129165,OR,97007
129171,OR,97008
129177,OR,97009
129183,OR,97011
129189,OR,97013
129195,OR,97014
129201,OR,97015
129207,OR,97016
129213,OR,97017
129225,OR,97019
129231,OR,97020
129237,OR,97021
129243,OR,97022
129249,OR,97023
129255,OR,97024
129267,OR,97027
129273,OR,97028
129279,OR,97029
129285,OR,97030
129291,OR,97031
129297,OR,97032
129303,OR,97034
129309,OR,97035
129315,OR,97037
129321,OR,97038
129339,OR,97041
129345,OR,97042
129351,OR,97045
129357,OR,97048
129363,OR,97049
129369,OR,97050
129375,OR,97051
129381,OR,97053
129393,OR,97055
129399,OR,97056
129405,OR,97058
129411,OR,97060
129417,OR,97062
129423,OR,97063
129429,OR,97064
129435,OR,97065
129441,OR,97067
129447,OR,97068
129453,OR,97070
129459,OR,97071
129465,OR,97080
129471,OR,97086
129477,OR,97089
129483,OR,97101
129489,OR,97103
129495,OR,97106
129501,OR,97107
129519,OR,97110
129525,OR,97111
129531,OR,97112
129537,OR,97113
129543,OR,97114
129549,OR,97115
129555,OR,97116
129561,OR,97117
129567,OR,97118
129573,OR,97119
129579,OR,97121
129585,OR,97122
129591,OR,97123
129597,OR,97124
129603,OR,97127
129609,OR,97128
129615,OR,97130
129621,OR,97131
129627,OR,97132
129633,OR,97133
129639,OR,97134
129645,OR,97135
129651,OR,97136
129657,OR,97137
129663,OR,97138
129669,OR,97140
129675,OR,97141
129681,OR,97146
129687,OR,97147
129693,OR,97148
129699,OR,97149
129705,OR,97201
129711,OR,97202
129717,OR,97203
129723,OR,97204
129729,OR,97205
129735,OR,97206
129741,OR,97209
129747,OR,97210
129753,OR,97211
129759,OR,97212
129765,OR,97213
129771,OR,97214
129777,OR,97215
129783,OR,97216
129789,OR,97217
129795,OR,97218
129801,OR,97219
129807,OR,97220
129813,OR,97221
129819,OR,97222
129825,OR,97223
129831,OR,97224
129837,OR,97225
129843,OR,97227
129849,OR,97229
129855,OR,97230
129861,OR,97231
129867,OR,97232
129873,OR,97233
129879,OR,97236
129885,OR,97239
129891,OR,97266
129897,OR,97267
129903,OR,97301
129909,OR,97302
129915,OR,97303
129921,OR,97304
129927,OR,97305
129933,OR,97306
129939,OR,97317
129945,OR,97321
129951,OR,97322
129957,OR,97324
129963,OR,97325
129975,OR,97327
129981,OR,97330
129987,OR,97331
129993,OR,97333
129999,OR,97338
130005,OR,97341
130011,OR,97342
130023,OR,97344
130035,OR,97346
130041,OR,97347
130047,OR,97348
130053,OR,97351
130059,OR,97352
130065,OR,97355
130077,OR,97358
130083,OR,97360
130089,OR,97361
130095,OR,97362
130107,OR,97365
130113,OR,97366
130119,OR,97367
130125,OR,97368
130131,OR,97369
130137,OR,97370
130143,OR,97371
130149,OR,97374
130161,OR,97376
130173,OR,97378
130179,OR,97380
130185,OR,97381
130191,OR,97383
130197,OR,97385
130203,OR,97386
130209,OR,97388
130215,OR,97389
130227,OR,97391
130233,OR,97392
130239,OR,97394
130245,OR,97396
130251,OR,97401
130257,OR,97402
130263,OR,97403
130269,OR,97404
130275,OR,97405
130281,OR,97408
130287,OR,97410
130293,OR,97411
130305,OR,97413
130311,OR,97415
130317,OR,97416
130323,OR,97417
130335,OR,97420
130341,OR,97423
130347,OR,97424
130353,OR,97426
130371,OR,97431
130383,OR,97435
130389,OR,97436
130407,OR,97439
130418,OR,97442
130424,OR,97443
130430,OR,97444
130436,OR,97446
130442,OR,97447
130448,OR,97448
130454,OR,97449
130460,OR,97450
130466,OR,97451
130472,OR,97452
130478,OR,97453
130484,OR,97454
130490,OR,97455
130496,OR,97456
130502,OR,97457
130508,OR,97458
130514,OR,97459
130526,OR,97462
130532,OR,97463
130538,OR,97465
130544,OR,97466
130550,OR,97467
130556,OR,97469
130562,OR,97470
130568,OR,97471
130586,OR,97477
130592,OR,97478
130598,OR,97479
130610,OR,97481
130622,OR,97486
130628,OR,97487
130634,OR,97488
130640,OR,97489
130664,OR,97495
130670,OR,97496
130676,OR,97497
130682,OR,97498
130688,OR,97499
130694,OR,97501
130700,OR,97502
130706,OR,97503
130712,OR,97504
130718,OR,97520
130724,OR,97522
130730,OR,97523
130736,OR,97524
130742,OR,97525
130748,OR,97526
130754,OR,97527
130760,OR,97530
130771,OR,97532
130777,OR,97534
130783,OR,97535
130789,OR,97536
130795,OR,97537
130801,OR,97538
130807,OR,97539
130813,OR,97540
130819,OR,97541
130825,OR,97543
130831,OR,97544
130837,OR,97601
130843,OR,97603
130849,OR,97622
130855,OR,97623
130861,OR,97624
130867,OR,97627
130873,OR,97630
130879,OR,97632
130885,OR,97633
130897,OR,97636
130903,OR,97638
130915,OR,97641
130921,OR,97701
130927,OR,97702
130933,OR,97707
130939,OR,97720
130945,OR,97730
130951,OR,97731
130957,OR,97733
130963,OR,97734
130969,OR,97737
130975,OR,97738
130981,OR,97739
130987,OR,97741
130993,OR,97750
130999,OR,97753
131005,OR,97754
131011,OR,97756
131017,OR,97759
131023,OR,97760
131029,OR,97761
131035,OR,97801
131047,OR,97812
131053,OR,97813
131059,OR,97814
131065,OR,97818
131071,OR,97820
131077,OR,97823
131083,OR,97824
131089,OR,97825
131095,OR,97826
131101,OR,97827
131107,OR,97828
131113,OR,97830
131119,OR,97833
131125,OR,97834
131137,OR,97836
131143,OR,97838
131167,OR,97844
131173,OR,97845
131179,OR,97846
131185,OR,97850
131203,OR,97862
131215,OR,97865
131221,OR,97867
131233,OR,97869
131239,OR,97870
131251,OR,97875
131263,OR,97877
131269,OR,97880
131275,OR,97882
131281,OR,97883
131287,OR,97885
131293,OR,97886
131305,OR,97907
131311,OR,97910
131317,OR,97913
131323,OR,97914
131329,OR,97918
167803,WA,98001
167809,WA,98002
167815,WA,98003
167821,WA,98004
167827,WA,98005
167833,WA,98006
167839,WA,98007
167845,WA,98008
167851,WA,98010
167857,WA,98011
167863,WA,98012
167869,WA,98014
167875,WA,98019
167881,WA,98020
167887,WA,98021
167893,WA,98022
167899,WA,98023
167905,WA,98024
167911,WA,98026
167917,WA,98027
167923,WA,98028
167929,WA,98029
167935,WA,98030
167941,WA,98031
167947,WA,98032
167953,WA,98033
167959,WA,98034
167965,WA,98036
167971,WA,98037
167977,WA,98038
167989,WA,98040
167995,WA,98042
168001,WA,98043
168007,WA,98045
168013,WA,98047
168019,WA,98050
168031,WA,98052
168037,WA,98053
168043,WA,98055
168049,WA,98056
168055,WA,98057
168061,WA,98058
168067,WA,98059
168073,WA,98065
168079,WA,98068
168085,WA,98070
168091,WA,98072
168097,WA,98074
168103,WA,98075
168109,WA,98077
168115,WA,98087
168121,WA,98092
168127,WA,98101
168133,WA,98102
168139,WA,98103
168145,WA,98104
168151,WA,98105
168157,WA,98106
168163,WA,98107
168169,WA,98108
168175,WA,98109
168181,WA,98110
168187,WA,98112
168193,WA,98115
168199,WA,98116
168205,WA,98117
168211,WA,98118
168217,WA,98119
168223,WA,98121
168229,WA,98122
168235,WA,98125
168241,WA,98126
168247,WA,98133
168253,WA,98134
168259,WA,98136
168265,WA,98144
168271,WA,98146
168277,WA,98148
168283,WA,98155
168289,WA,98164
168295,WA,98166
168301,WA,98168
168307,WA,98177
168313,WA,98178
168319,WA,98188
168325,WA,98198
168331,WA,98199
168337,WA,98201
168343,WA,98203
168349,WA,98204
168355,WA,98208
168361,WA,98220
168367,WA,98221
168373,WA,98223
168379,WA,98225
168385,WA,98226
168391,WA,98229
168397,WA,98230
168403,WA,98232
168409,WA,98233
168415,WA,98235
168421,WA,98236
168427,WA,98237
168433,WA,98238
168439,WA,98239
168445,WA,98240
168451,WA,98241
168457,WA,98243
168463,WA,98244
168469,WA,98245
168475,WA,98247
168481,WA,98248
168487,WA,98249
168493,WA,98250
168499,WA,98251
168505,WA,98252
168511,WA,98253
168517,WA,98256
168523,WA,98257
168529,WA,98258
168535,WA,98260
168541,WA,98261
168547,WA,98262
168559,WA,98264
168565,WA,98266
168571,WA,98267
168577,WA,98270
168583,WA,98271
168589,WA,98272
168595,WA,98273
168601,WA,98274
168607,WA,98275
168619,WA,98277
168625,WA,98279
168631,WA,98280
168637,WA,98281
168643,WA,98282
168649,WA,98283
168655,WA,98284
168667,WA,98288
168673,WA,98290
168679,WA,98292
168685,WA,98294
168691,WA,98295
168697,WA,98296
168703,WA,98303
168709,WA,98304
168721,WA,98310
168727,WA,98311
168733,WA,98312
168745,WA,98320
168751,WA,98321
168757,WA,98323
168763,WA,98325
168769,WA,98326
168775,WA,98327
168781,WA,98328
168787,WA,98329
168793,WA,98330
168799,WA,98331
168805,WA,98332
168817,WA,98335
168829,WA,98337
168835,WA,98338
168841,WA,98339
168847,WA,98340
168853,WA,98342
168859,WA,98345
168865,WA,98346
168871,WA,98349
168877,WA,98350
168895,WA,98354
168901,WA,98355
168907,WA,98356
168913,WA,98357
168919,WA,98358
168925,WA,98359
168931,WA,98360
168937,WA,98361
168943,WA,98362
168949,WA,98363
168955,WA,98364
168961,WA,98365
168967,WA,98366
168973,WA,98367
168979,WA,98368
168985,WA,98370
168991,WA,98371
168997,WA,98372
169003,WA,98373
169009,WA,98374
169015,WA,98375
169021,WA,98376
169027,WA,98377
169033,WA,98380
169045,WA,98382
169051,WA,98383
169057,WA,98385
169063,WA,98387
169069,WA,98388
169075,WA,98390
169081,WA,98391
169087,WA,98392
169099,WA,98396
169105,WA,98402
169111,WA,98403
169117,WA,98404
169123,WA,98405
169129,WA,98406
169135,WA,98407
169141,WA,98408
169147,WA,98409
169153,WA,98418
169159,WA,98421
169165,WA,98422
169171,WA,98424
169177,WA,98433
169183,WA,98438
169189,WA,98439
169195,WA,98443
169201,WA,98444
169207,WA,98445
169213,WA,98446
169219,WA,98465
169225,WA,98466
169231,WA,98467
169237,WA,98498
169243,WA,98499
169249,WA,98501
169255,WA,98502
169261,WA,98503
169267,WA,98506
169273,WA,98512
169279,WA,98513
169285,WA,98516
169291,WA,98520
169297,WA,98524
169303,WA,98526
169315,WA,98528
169327,WA,98531
169333,WA,98532
169345,WA,98535
169351,WA,98537
169363,WA,98541
169369,WA,98542
169387,WA,98547
169393,WA,98548
169399,WA,98550
169411,WA,98555
169417,WA,98557
169423,WA,98558
169435,WA,98563
169441,WA,98564
169447,WA,98565
169453,WA,98568
169459,WA,98569
169465,WA,98570
169471,WA,98571
169477,WA,98572
169483,WA,98576
169489,WA,98577
169495,WA,98579
169501,WA,98580
169525,WA,98584
169531,WA,98585
169537,WA,98586
169543,WA,98587
169555,WA,98589
169561,WA,98590
169567,WA,98591
169573,WA,98592
169579,WA,98593
169585,WA,98595
169591,WA,98596
169597,WA,98597
169603,WA,98601
169615,WA,98604
169621,WA,98605
169627,WA,98606
169633,WA,98607
169639,WA,98610
169645,WA,98611
169651,WA,98612
169663,WA,98614
169669,WA,98616
169681,WA,98619
169687,WA,98620
169693,WA,98624
169699,WA,98625
169705,WA,98626
169711,WA,98628
169717,WA,98629
169723,WA,98631
169729,WA,98632
169735,WA,98635
169741,WA,98638
169753,WA,98640
169759,WA,98642
169771,WA,98644
169783,WA,98647
169789,WA,98648
169795,WA,98649
169801,WA,98650
169807,WA,98651
169813,WA,98660
169819,WA,98661
169825,WA,98662
169831,WA,98663
169837,WA,98664
169843,WA,98665
169849,WA,98671
169855,WA,98672
169867,WA,98674
169873,WA,98675
169879,WA,98682
169885,WA,98683
169891,WA,98684
169897,WA,98685
169903,WA,98686
169909,WA,98801
169915,WA,98802
169921,WA,98812
169927,WA,98813
169939,WA,98815
169945,WA,98816
169957,WA,98819
169963,WA,98821
169969,WA,98822
169975,WA,98823
169981,WA,98824
169987,WA,98826
170017,WA,98831
170035,WA,98837
170041,WA,98840
170047,WA,98841
170053,WA,98843
170059,WA,98844
170065,WA,98846
170071,WA,98847
170077,WA,98848
170083,WA,98849
170089,WA,98850
170095,WA,98851
170101,WA,98855
170107,WA,98856
170113,WA,98857
170119,WA,98858
170131,WA,98862
170137,WA,98901
170143,WA,98902
170149,WA,98903
170155,WA,98908
170167,WA,98922
170173,WA,98923
170179,WA,98925
170185,WA,98926
170191,WA,98930
170197,WA,98932
170203,WA,98933
170209,WA,98934
170221,WA,98936
170227,WA,98937
170245,WA,98940
170251,WA,98941
170257,WA,98942
170263,WA,98943
170269,WA,98944
170281,WA,98947
170287,WA,98948
170293,WA,98951
170299,WA,98952
170305,WA,98953
170311,WA,99001
170317,WA,99003
170323,WA,99004
170329,WA,99005
170335,WA,99006
170353,WA,99011
170371,WA,99016
170383,WA,99019
170389,WA,99021
170395,WA,99022
170413,WA,99026
170419,WA,99027
170425,WA,99029
170431,WA,99030
170437,WA,99031
170443,WA,99032
170449,WA,99033
170467,WA,99037
170497,WA,99109
170503,WA,99110
170509,WA,99111
170521,WA,99114
170527,WA,99115
170533,WA,99116
170539,WA,99117
170545,WA,99118
170557,WA,99122
170563,WA,99123
170605,WA,99133
170611,WA,99134
170623,WA,99137
170635,WA,99139
170647,WA,99141
170659,WA,99148
170671,WA,99153
170683,WA,99156
170689,WA,99157
170701,WA,99159
170707,WA,99161
170713,WA,99163
170719,WA,99166
170731,WA,99169
170737,WA,99170
170743,WA,99171
170749,WA,99173
170755,WA,99179
170761,WA,99180
170773,WA,99185
170779,WA,99201
170785,WA,99202
170791,WA,99203
170797,WA,99204
170803,WA,99205
170809,WA,99206
170815,WA,99207
170821,WA,99208
170827,WA,99212
170833,WA,99216
170839,WA,99217
170845,WA,99218
170851,WA,99223
170857,WA,99224
170863,WA,99301
170869,WA,99320
170881,WA,99322
170887,WA,99323
170893,WA,99324
170899,WA,99326
170905,WA,99328
170929,WA,99336
170935,WA,99337
170941,WA,99338
170947,WA,99341
170953,WA,99343
170959,WA,99344
170989,WA,99349
170995,WA,99350
171001,WA,99352
171007,WA,99353
171013,WA,99354
171025,WA,99357
171031,WA,99360
171037,WA,99361
171043,WA,99362
171067,WA,99403
